h_bucket,h_midpoint,pi_g,pi_n,g_bar_per_txn,basis_sales_ratio
Under 18 months,1.25,0.09265227810410295,0.2545417507362138,0.9319305377791882,0.8478328330650043
18 months under 2 years,1.75,0.07010752237381986,0.16309565186556252,1.10054727854503,0.8160574582327029
2 years under 3 years,2.5,0.10520812743077781,0.20789368360334604,1.2956701819151553,0.8021013607528408
3 years under 4 years,3.5,0.08298825059272091,0.11952028024661612,1.7777122894138662,0.8060933128473603
4 years under 5 years,4.5,0.0743411463263887,0.07563827020569047,2.516367880499331,0.7693845730205952
5 years under 10 years,7.5,0.20575715295741653,0.12684604825931683,4.15302425944574,0.770253613744043
10 years under 15 years,12.5,0.11737305049024667,0.029054567306399975,10.342855272233775,0.6358599451460517
15 years under 20 years,17.5,0.0755711716188086,0.011284638530208693,17.145690143175635,0.5146618879371708
20 years or more,27.5,0.17600130010571793,0.012125109246645465,37.16350642439815,0.41336120762839623
