year,rank,name,net_worth,source_category,age1,male1,country,sector,notes,forbes_uri
2022,1,"Elon Musk",146519048000,"automotive",52,1,"us","automotive","Tesla;SpaceX","elon-musk"
2022,2,"Warren Buffett",107556286000,"finance-investments",93,1,"us","finance-investments","Berkshire Hathaway","warren-buffett"
2022,3,"Jeff Bezos",107283716000,"technology",59,1,"us","technology","Amazon","jeff-bezos"
2022,4,"Bill Gates",103271314000,"technology",68,1,"us","technology","Microsoft","bill-gates"
2022,5,"Larry Ellison",102396942000,"technology",79,1,"us","technology","Oracle","larry-ellison"
2022,6,"Steve Ballmer",78514774000,"technology",67,1,"us","technology","Microsoft","steve-ballmer"
2022,7,"Larry Page",77341930000,"technology",50,1,"us","technology","Google","larry-page"
2022,8,"Michael Bloomberg",76820100000,"media-entertainment",81,1,"us","media-entertainment","Bloomberg LP","michael-bloomberg"
2022,9,"Sergey Brin",74224624000,"technology",50,1,"us","technology","Google","sergey-brin"
2022,10,"Jim Walton",60825315000,"fashion-retail",75,1,"us","fashion-retail","Walmart","jim-walton"
2022,11,"Rob Walton",59556366000,"fashion-retail",79,1,"us","fashion-retail","Walmart","rob-walton"
2022,12,"Alice Walton",58636215000,"fashion-retail",74,"","us","fashion-retail","Walmart","alice-walton"
2022,13,"Charles Koch",58225228000,"diversified",88,1,"us","diversified","Koch Industries","charles-koch"
2022,14,"Julia Koch & family",58225228000,"diversified",61,"","us","diversified","Koch Industries","julia-koch"
2022,15,"Michael Dell",52285420000,"technology",58,1,"us","technology","Dell Technologies","michael-dell"
2022,16,"Phil Knight & family",44985762000,"fashion-retail",85,1,"us","fashion-retail","Nike","phil-knight"
2022,17,"Mark Zuckerberg",43790736000,"media-entertainment",39,1,"us","media-entertainment","Facebook","mark-zuckerberg"
2022,18,"Jacqueline Mars",38708925000,"food-beverage",84,"","us","food-beverage","candy;pet food","jacqueline-mars"
2022,19,"John Mars",38708925000,"food-beverage",88,1,"us","food-beverage","candy;pet food","john-mars"
2022,20,"Len Blavatnik",33506305000,"diversified",66,1,"us","diversified","music;chemicals","len-blavatnik"
2022,21,"Miriam Adelson & family",31522954000,"gambling-casinos",78,"","us","gambling-casinos","casinos","miriam-adelson"
2022,22,"Ken Griffin",31276726000,"finance-investments",55,1,"us","finance-investments","hedge funds","ken-griffin"
2022,23,"Jeff Yass",30000000000,"finance-investments",65,1,"us","finance-investments","trading;investments","jeff-yass"
2022,24,"Jim Simons",28080000000,"finance-investments",85,1,"us","finance-investments","hedge funds","jim-simons"
2022,25,"Harold Hamm & family",27045800000,"energy",78,1,"us","energy","oil & gas","harold-hamm"
2022,26,"MacKenzie Scott",24917232000,"technology",53,"","us","technology","Amazon","mackenzie-scott"
2022,27,"Stephen Schwarzman",24606264000,"finance-investments",76,1,"us","finance-investments","investments","stephen-schwarzman"
2022,28,"Thomas Peterffy",23162868000,"finance-investments",79,1,"us","finance-investments","discount brokerage","thomas-peterffy"
2022,29,"Leonard Lauder",21877921000,"fashion-retail",90,1,"us","fashion-retail","Estee Lauder","leonard-lauder"
2022,30,"Lukas Walton",21528551000,"fashion-retail",37,1,"us","fashion-retail","Walmart","lukas-walton"
2022,31,"Abigail Johnson",20148794000,"finance-investments",62,"","us","finance-investments","Fidelity","abigail-johnson"
2022,32,"Thomas Frist Jr & family",19776480000,"healthcare",85,1,"us","healthcare","hospitals","thomas-frist-jr"
2022,33,"Ray Dalio",19084000000,"finance-investments",74,1,"us","finance-investments","hedge funds","ray-dalio"
2022,34,"David Tepper",18475000000,"finance-investments",66,1,"us","finance-investments","hedge funds","david-tepper"
2022,35,"John Menard Jr",17969906000,"fashion-retail",83,1,"us","fashion-retail","home improvement stores","john-menard-jr"
2022,36,"Carl Icahn",17615684000,"finance-investments",87,1,"us","finance-investments","investments","carl-icahn"
2022,37,"Steve Cohen",17518623000,"finance-investments",67,1,"us","finance-investments","hedge funds","steve-cohen"
2022,38,"Donald Bren",17409887000,"real-estate",91,1,"us","real-estate","real estate","donald-bren"
2022,39,"Rupert Murdoch & family",16650114000,"media-entertainment",92,1,"us","media-entertainment","newspapers;TV network","rupert-murdoch"
2022,40,"Daniel Gilbert",16419723999,"finance-investments",61,1,"us","finance-investments","Quicken Loans","daniel-gilbert"
2022,41,"Robert Pera",15994771000,"technology",45,1,"us","technology","wireless networking gear","robert-pera"
2022,42,"Eric Schmidt",15878812000,"technology",68,1,"us","technology","Google","eric-schmidt"
2022,43,"George Kaiser",14078300000,"energy",81,1,"us","energy","oil & gas;banking","george-kaiser"
2022,44,"David Green & family",13934653000,"fashion-retail",82,1,"us","fashion-retail","retail","david-green"
2022,45,"Jerry Jones",13787121000,"sports",81,1,"us","sports","Dallas Cowboys","jerry-jones"
2022,46,"Jensen Huang",13764411000,"technology",60,1,"us","technology","semiconductors","jensen-huang-1"
2022,47,"Hank & Doug Meijer",13361945000,"fashion-retail","",1,"us","fashion-retail","supermarkets","hank-doug-meijer"
2022,48,"Jan Koum",13361821000,"technology",47,1,"us","technology","WhatsApp","jan-koum"
2022,49,"Stanley Kroenke",12874000000,"sports",76,1,"us","sports","sports;real estate","stanley-kroenke"
2022,50,"Diane Hendricks",12468861000,"construction-engineering",76,"","us","construction-engineering","building supplies","diane-hendricks"
2022,51,"Charles Schwab",11919814000,"finance-investments",86,1,"us","finance-investments","discount brokerage","charles-schwab"
2022,52,"Stephen Ross",11622350000,"real-estate",83,1,"us","real-estate","real estate","stephen-ross"
2022,53,"Michael Rubin",11313100000,"fashion-retail",51,1,"us","fashion-retail","online retail","michael-rubin"
2022,54,"Israel Englander",11269300000,"finance-investments",75,1,"us","finance-investments","hedge funds","israel-englander"
2022,55,"Shahid Khan",11208863000,"automotive",73,1,"us","automotive","auto parts","shahid-khan"
2022,56,"Laurene Powell Jobs & family",11156748000,"technology",60,"","us","technology","Apple;Disney","laurene-powell-jobs"
2022,57,"Jeffery Hildebrand",11012778000,"energy",64,1,"us","energy","oil","jeffery-hildebrand"
2022,58,"Robert Kraft",10621500000,"sports",82,1,"us","sports","Manufacturing;New England Patriots","robert-kraft"
2022,59,"Philip Anschutz",10570501000,"finance-investments",84,1,"us","finance-investments","energy;sports;entertainment","philip-anschutz"
2022,60,"Christy Walton",10475496000,"fashion-retail",74,"","us","fashion-retail","Walmart","christy-walton"
2022,61,"Donald Newhouse",10318145000,"media-entertainment",94,1,"us","media-entertainment","media","donald-newhouse"
2022,62,"Carl Cook",10088817000,"healthcare",61,1,"us","healthcare","medical devices","carl-cook"
2022,63,"Andrew Beal",10029101000,"finance-investments",71,1,"us","finance-investments","banks;real estate","andrew-beal"
2022,64,"Autry Stephens",9954000000,"energy",85,1,"us","energy","oil","autry-stephens"
2022,65,"Tom & Judy Love",9783061000,"fashion-retail","","","us","fashion-retail","retail & gas stations","tom-judy-love"
2022,66,"David Duffield",9765754000,"technology",83,1,"us","technology","business software","david-duffield"
2022,67,"Marijke Mars",9694215000,"food-beverage",59,"","us","food-beverage","candy;pet food","marijke-mars"
2022,68,"Pamela Mars",9694215000,"food-beverage",63,"","us","food-beverage","candy;pet food","pamela-mars"
2022,69,"Valerie Mars",9694215000,"food-beverage",64,"","us","food-beverage","candy;pet food","valerie-mars"
2022,70,"Victoria Mars",9694215000,"food-beverage",67,"","us","food-beverage","candy;pet food","victoria-mars"
2022,71,"Eric Smidt",9516023000,"fashion-retail",64,1,"us","fashion-retail","hardware stores","eric-smidt"
2022,72,"John Malone",9317616000,"media-entertainment",82,1,"us","media-entertainment","cable television","john-malone"
2022,73,"Leon Black",8864217000,"finance-investments",72,1,"us","finance-investments","private equity","leon-black"
2022,74,"Bernard Marcus",8764700000,"fashion-retail",94,1,"us","fashion-retail","Home Depot","bernard-marcus"
2022,75,"Ann Walton Kroenke",8665370000,"fashion-retail",75,"","us","fashion-retail","Walmart","ann-walton-kroenke"
2022,76,"Pierre Omidyar",8624058000,"technology",56,1,"us","technology","eBay;PayPal","pierre-omidyar"
2022,77,"Patrick Ryan",8595539000,"finance-investments",86,1,"us","finance-investments","insurance","patrick-ryan"
2022,78,"John Doerr",8537302000,"technology",72,1,"us","technology","venture capital","john-doerr"
2022,79,"Chase Coleman III",8529000000,"finance-investments",48,1,"us","finance-investments","investments","chase-coleman-iii"
2022,80,"Nancy Walton Laurie",8119562000,"fashion-retail",72,"","us","fashion-retail","Walmart","nancy-walton-laurie"
2022,81,"Stewart & Lynda Resnick",8000000000,"food-beverage","","","us","food-beverage","agriculture;water","stewart-lynda-resnick"
2022,82,"Robert F. Smith",7977950000,"finance-investments",61,1,"us","finance-investments","private equity","robert-f-smith"
2022,83,"David Shaw",7905000000,"finance-investments",72,1,"us","finance-investments","hedge funds","david-shaw"
2022,84,"George Roberts",7902828000,"finance-investments",80,1,"us","finance-investments","private equity","george-roberts"
2022,85,"Michael Kim",7893650000,"finance-investments",60,1,"us","finance-investments","private equity","michael-kim"
2022,86,"Ramzi Musallam",7893000000,"finance-investments",55,1,"us","finance-investments","private equity","ramzi-musallam"
2022,87,"Arthur Blank",7881220000,"sports",81,1,"us","sports","Home Depot","arthur-blank"
2022,88,"Orlando Bravo",7863000000,"finance-investments",53,1,"us","finance-investments","private equity","orlando-bravo"
2022,89,"Tilman Fertitta",7855153000,"food-beverage",66,1,"us","food-beverage","Houston Rockets;entertainment","tilman-fertitta"
2022,90,"Steven Rales",7826017000,"manufacturing",72,1,"us","manufacturing","manufacturing;investments","steven-rales"
2022,91,"Harry Stine",7796259000,"food-beverage",82,1,"us","food-beverage","agriculture","harry-stine"
2022,92,"John Morris",7788283000,"fashion-retail",75,1,"us","fashion-retail","sporting goods retail","john-morris"
2022,93,"David Geffen",7704200000,"media-entertainment",80,1,"us","media-entertainment","movies;record labels","david-geffen"
2022,94,"Blair Parry-Okeden",7675803000,"media-entertainment",73,"","us","media-entertainment","media;automotive","blair-parry-okeden"
2022,95,"Jim Kennedy",7675803000,"media-entertainment",76,1,"us","media-entertainment","media;automotive","jim-kennedy"
2022,96,"Tim Sweeney",7641285000,"media-entertainment",53,1,"us","media-entertainment","video games","tim-sweeney"
2022,97,"Leonard Stern",7557042000,"real-estate",85,1,"us","real-estate","real estate","leonard-stern"
2022,98,"Paul Tudor Jones II",7535000000,"finance-investments",69,1,"us","finance-investments","hedge funds","paul-tudor-jones-ii"
2022,99,"Arthur Dantchik",7500000000,"finance-investments",66,1,"us","finance-investments","trading;investments","arthur-dantchik"
2022,100,"Charles Butt",7460100000,"fashion-retail",85,1,"us","fashion-retail","supermarkets","charles-butt"
2022,101,"Don Vultaggio & family",7403307000,"food-beverage",71,1,"us","food-beverage","beverages","don-vultaggio"
2022,102,"Rick Cohen & family",7372240000,"technology",71,1,"us","technology","warehouse automation","rick-cohen-family"
2022,103,"Richard Kinder",7244487000,"energy",79,1,"us","energy","pipelines","richard-kinder"
2022,104,"Henry Samueli",7230552000,"technology",69,1,"us","technology","semiconductors","henry-samueli"
2022,105,"Henry Kravis",7203194000,"finance-investments",80,1,"us","finance-investments","private equity","henry-kravis"
2022,106,"Pauline MacMillan Keinath",7203144000,"food-beverage",90,"","us","food-beverage","Cargill","pauline-macmillan-keinath"
2022,107,"Reinhold Schmieding",7199757000,"healthcare",69,1,"us","healthcare","medical devices","reinhold-schmieding"
2022,108,"Don Hankey",7197700000,"finance-investments",80,1,"us","finance-investments","auto loans","don-hankey"
2022,109,"Jeff Greene",7161190000,"real-estate",69,1,"us","real-estate","real estate;investments","jeff-greene"
2022,110,"Tamara Gustavson",7133532000,"service",62,"","us","service","self storage","tamara-gustavson"
2022,111,"Bubba Cathy",7028226000,"food-beverage",69,1,"us","food-beverage","Chick-fil-A","bubba-cathy"
2022,112,"Dan Cathy",7028226000,"food-beverage",70,1,"us","food-beverage","Chick-fil-A","dan-cathy"
2022,113,"Trudy Cathy White",7028226000,"food-beverage",68,"","us","food-beverage","Chick-fil-A","trudy-cathy-white"
2022,114,"Patrick Soon-Shiong",7001022000,"healthcare",71,1,"us","healthcare","pharmaceuticals","patrick-soon-shiong"
2022,115,"James Goodnight",6979978000,"technology",81,1,"us","technology","software","james-goodnight"
2022,116,"Judy Faulkner",6973509000,"technology",80,"","us","technology","healthcare software","judy-faulkner"
2022,117,"J. Christopher Reyes",6952000000,"food-beverage",70,1,"us","food-beverage","food distribution","j-christopher-reyes"
2022,118,"Jude Reyes",6952000000,"food-beverage",68,1,"us","food-beverage","food distribution","jude-reyes"
2022,119,"Rocco Commisso",6933659000,"telecom",74,1,"us","telecom","telecom","rocco-commisso"
2022,120,"Igor Olenicoff",6880305000,"real-estate",81,1,"us","real-estate","real estate","igor-olenicoff"
2022,121,"Edythe Broad & family",6852125000,"diversified",88,"","us","diversified","homebuilding;insurance","edythe-broad"
2022,122,"Philippe Laffont",6852000000,"finance-investments",56,1,"us","finance-investments","hedge fund","philippe-laffont"
2022,123,"Ralph Lauren",6848765000,"fashion-retail",84,1,"us","fashion-retail","apparel","ralph-lauren"
2022,124,"David Siegel",6802000000,"finance-investments",62,1,"us","finance-investments","hedge funds","david-siegel-1"
2022,125,"John Overdeck",6802000000,"finance-investments",54,1,"us","finance-investments","hedge funds","john-overdeck"
2022,126,"George Soros",6730000000,"finance-investments",93,1,"us","finance-investments","hedge funds","george-soros"
2022,127,"Gordon Moore",6702064000,"technology",95,1,"us","technology","Intel","gordon-moore"
2022,128,"Terrence Pegula",6701713000,"energy",72,1,"us","energy","natural gas","terrence-pegula"
2022,129,"Brian Chesky",6700594000,"technology",42,1,"us","technology","Airbnb","brian-chesky"
2022,130,"Bruce Kovner",6644000000,"finance-investments",78,1,"us","finance-investments","hedge funds","bruce-kovner"
2022,131,"Melinda French Gates",6620095000,"technology",59,"","us","technology","Microsoft","melinda-french-gates"
2022,132,"Jack Dangermond",6526305000,"technology",78,1,"us","technology","mapping software","jack-dangermond"
2022,133,"Randa Duncan Williams",6520888000,"energy",62,"","us","energy","pipelines","randa-duncan-williams"
2022,134,"Dannine Avara",6510058000,"energy",59,"","us","energy","pipelines","dannine-avara"
2022,135,"Milane Frantz",6510058000,"energy",54,"","us","energy","pipelines","milane-frantz"
2022,136,"Scott Duncan",6510058000,"energy",41,1,"us","energy","pipelines","scott-duncan"
2022,137,"Edward Johnson IV",6489294000,"finance-investments",59,1,"us","finance-investments","Fidelity","edward-johnson-iv"
2022,138,"David Bonderman",6480360000,"finance-investments",81,1,"us","finance-investments","private equity","david-bonderman"
2022,139,"Dennis Washington",6461700000,"logistics",89,1,"us","logistics","construction;mining","dennis-washington"
2022,140,"Ronda Stryker",6440246000,"healthcare",69,"","us","healthcare","medical equipment","ronda-stryker"
2022,141,"Stanley Druckenmiller",6400000000,"finance-investments",70,1,"us","finance-investments","hedge funds","stanley-druckenmiller"
2022,142,"Jay Chaudhry",6395598000,"technology",64,1,"us","technology","security software","jay-chaudhry"
2022,143,"Stephen Bisciotti",6335364000,"sports",63,1,"us","sports","staffing;Baltimore Ravens","stephen-bisciotti"
2022,144,"Dustin Moskovitz",6321590000,"media-entertainment",39,1,"us","media-entertainment","Facebook","dustin-moskovitz"
2022,145,"John A. Sobrato & family",6268116000,"real-estate",84,1,"us","real-estate","real estate","john-a-sobrato"
2022,146,"Ken Fisher",6218949000,"finance-investments",73,1,"us","finance-investments","money management","ken-fisher"
2022,147,"Ted Lerner & family",6211008000,"real-estate",98,1,"us","real-estate","real estate","ted-lerner"
2022,148,"Ken Langone",6207356000,"finance-investments",88,1,"us","finance-investments","investments","ken-langone"
2022,149,"Tom Gores",6142509000,"finance-investments",59,1,"us","finance-investments","private equity","tom-gores"
2022,150,"Henry Nicholas III",6133296000,"technology",64,1,"us","technology","semiconductors","henry-nicholas-iii"
2022,151,"Edward Roski Jr",6094070000,"real-estate",85,1,"us","real-estate","real estate","edward-roski-jr"
2022,152,"Les Wexner & family",6041786000,"fashion-retail",86,1,"us","fashion-retail","retail","les-wexner"
2022,153,"David Steward",6027000000,"technology",72,1,"us","technology","IT provider","david-steward"
2022,154,"Michael Milken",6000000000,"finance-investments",77,1,"us","finance-investments","investments","michael-milken"
2022,155,"Josh Harris",5956898000,"finance-investments",59,1,"us","finance-investments","private equity","josh-harris"
2022,156,"John Tu",5950572000,"technology",82,1,"us","technology","computer hardware","john-tu"
2022,157,"Neil Bluhm",5927406000,"real-estate",85,1,"us","real-estate","real estate","neil-bluhm"
2022,158,"David Sun",5921386000,"technology",72,1,"us","technology","computer hardware","david-sun"
2022,159,"Nathan Blecharczyk",5911859000,"technology",40,1,"us","technology","Airbnb","nathan-blecharczyk"
2022,160,"Joe Gebbia",5858174000,"technology",42,1,"us","technology","Airbnb","joe-gebbia"
2022,161,"Marc Benioff",5856978000,"technology",59,1,"us","technology","business software","marc-benioff"
2022,162,"Mitchell Rales",5797527000,"manufacturing",67,1,"us","manufacturing","manufacturing;investments","mitchell-rales"
2022,163,"Li Ge",5788540000,"healthcare",57,1,"us","healthcare","pharmaceutical ingredients","li-ge"
2022,164,"Daniel Ziff",5700000000,"finance-investments",52,1,"us","finance-investments","investments","daniel-ziff"
2022,165,"Dirk Ziff",5700000000,"finance-investments",59,1,"us","finance-investments","investments","dirk-ziff"
2022,166,"Robert Ziff",5700000000,"finance-investments",57,1,"us","finance-investments","investments","robert-ziff"
2022,167,"Ray Lee Hunt",5665689000,"energy",80,1,"us","energy","oil;real estate","ray-lee-hunt"
2022,168,"Gary Rollins",5587183000,"service",79,1,"us","service","pest control","gary-rollins"
2022,169,"Paul Singer",5513000000,"finance-investments",79,1,"us","finance-investments","hedge funds","paul-singer"
2022,170,"Antony Ressler",5497379000,"finance-investments",62,1,"us","finance-investments","finance","antony-ressler"
2022,171,"Archie Aldis Emmerson & family",5472107000,"manufacturing",94,1,"us","manufacturing","timberland;lumber mills","archie-aldis-emmerson"
2022,172,"Judy Love",5452000000,"fashion-retail",86,"","us","fashion-retail","retail & gas stations","judy-love"
2022,173,"Tom Love",5452000000,"fashion-retail",86,1,"us","fashion-retail","retail & gas stations","tom-love"
2022,174,"Micky Arison",5391943000,"service",74,1,"us","service","Carnival Cruises","micky-arison"
2022,175,"Todd Boehly",5337024000,"finance-investments",50,1,"us","finance-investments","Finance","todd-boehly"
2022,176,"Rick Caruso",5326310000,"real-estate",65,1,"us","real-estate","real estate","rick-caruso"
2022,177,"John Brown",5314254000,"healthcare",89,1,"us","healthcare","medical equipment","john-brown"
2022,178,"Karen Pritzker",5284381000,"finance-investments",66,"","us","finance-investments","hotels;investments","karen-pritzker"
2022,179,"Dan Friedkin",5261467000,"automotive",58,1,"us","automotive","Toyota dealerships","dan-friedkin"
2022,180,"Lynda Resnick",5256000000,"food-beverage",81,"","us","food-beverage","agriculture","lynda-resnick"
2022,181,"Stewart Resnick",5256000000,"food-beverage",87,1,"us","food-beverage","agriculture","stewart-resnick"
2022,182,"Robert Faith",5248330000,"real-estate",60,1,"us","real-estate","real estate management","robert-faith"
2022,183,"Robert Rich Jr",5233700000,"food-beverage",82,1,"us","food-beverage","frozen foods","robert-rich-jr"
2022,184,"Sam Zell",5223300000,"real-estate",82,1,"us","real-estate","real estate;private equity","sam-zell"
2022,185,"Tom Golisano",5215837000,"service",82,1,"us","service","payroll services","tom-golisano"
2022,186,"Jane Lauder",5205469000,"fashion-retail",51,"","us","fashion-retail","Estée Lauder","jane-lauder"
2022,187,"Mark Walter",5204642000,"finance-investments",63,1,"us","finance-investments","finance;asset management","mark-walter"
2022,188,"Denise York & family",5144100000,"sports",73,"","us","sports","San Francisco 49ers","denise-york"
2022,189,"Sami Mnaymneh",5122000000,"finance-investments",62,1,"us","finance-investments","private equity","sami-mnaymneh"
2022,190,"Tony Tamer",5122000000,"finance-investments",66,1,"us","finance-investments","private equity","tony-tamer"
2022,191,"Romesh T. Wadhwani",5105926000,"technology",76,1,"us","technology","software","romesh-t-wadhwani"
2022,192,"Charles Simonyi",5100966000,"technology",75,1,"us","technology","Microsoft","charles-simonyi"
2022,193,"James Chambers",5062423000,"media-entertainment",66,1,"us","media-entertainment","media;automotive","james-chambers"
2022,194,"Katharine Rayner",5062423000,"media-entertainment",78,"","us","media-entertainment","media;automotive","katharine-rayner"
2022,195,"Margaretta Taylor",5062423000,"media-entertainment",81,"","us","media-entertainment","media;automotive","margaretta-taylor"
2022,196,"Robert Bass",5010398000,"energy",75,1,"us","energy","oil;investments","robert-bass"
2022,197,"Elizabeth Johnson",5008394000,"finance-investments",60,"","us","finance-investments","Fidelity","elizabeth-johnson"
2022,198,"Charles B. Johnson",5008325000,"finance-investments",91,1,"us","finance-investments","Franklin Templeton","charles-b-johnson"
2022,199,"Helen Johnson-Leipold",4989720000,"manufacturing",67,"","us","manufacturing","cleaning products","helen-johnson-leipold"
2022,200,"S. Curtis Johnson",4989720000,"manufacturing",68,1,"us","manufacturing","cleaning products","s-curtis-johnson"
2022,201,"Winifred J. Marquart",4989720000,"manufacturing",64,"","us","manufacturing","cleaning products","winifred-j-marquart"
2022,202,"H. Fisk Johnson",4989420000,"manufacturing",65,1,"us","manufacturing","cleaning products","h-fisk-johnson"
2022,203,"Douglas Leone",4985412000,"finance-investments",66,1,"us","finance-investments","venture capital","douglas-leone"
2022,204,"Janice McNair",4974720000,"sports",87,"","us","sports","energy;sports","janice-mcnair"
2022,205,"Robert Hale Jr",4958000000,"telecom",57,1,"us","telecom","telecom","robert-hale-jr"
2022,206,"Dan Snyder",4934300000,"sports",59,1,"us","sports","Washington Commanders","dan-snyder"
2022,207,"Jimmy Haslam",4868554000,"fashion-retail",69,1,"us","fashion-retail","gas stations;retail","jimmy-haslam"
2022,208,"Ron Baron",4857570000,"finance-investments",80,1,"us","finance-investments","money management","ron-baron"
2022,209,"Ken Xie",4853642000,"technology",60,1,"us","technology","cybersecurity","ken-xie"
2022,210,"Jim Davis & family",4841345000,"manufacturing",80,1,"us","manufacturing","New Balance","jim-davis"
2022,211,"Joe Mansueto",4838049000,"finance-investments",67,1,"us","finance-investments","investment research","joe-mansueto"
2022,212,"George Lucas",4835693000,"media-entertainment",79,1,"us","media-entertainment","Star Wars","george-lucas"
2022,213,"Thomas Pritzker",4808743000,"finance-investments",73,1,"us","finance-investments","hotels;investments","thomas-pritzker"
2022,214,"Ronald Wanek",4798112000,"manufacturing",82,1,"us","manufacturing","furniture","ronald-wanek"
2022,215,"Ty Warner",4783842000,"real-estate",79,1,"us","real-estate","plush toys;real estate","ty-warner"
2022,216,"Robert Rowling",4768784000,"service",70,1,"us","service","hotels;investments","robert-rowling"
2022,217,"Vinod Khosla",4720498000,"technology",68,1,"us","technology","venture capital","vinod-khosla"
2022,218,"Charles Dolan & family",4719977000,"media-entertainment",97,1,"us","media-entertainment","cable television","charles-dolan"
2022,219,"Gayle Benson",4716560000,"sports",76,"","us","sports","New Orleans Saints","gayle-benson"
2022,220,"Bert Beveridge",4697461000,"food-beverage",62,1,"us","food-beverage","vodka","bert-beveridge"
2022,221,"Kelcy Warren",4664678000,"energy",68,1,"us","energy","pipelines","kelcy-warren"
2022,222,"Jonathan Gray",4652165000,"finance-investments",53,1,"us","finance-investments","investments","jonathan-gray"
2022,223,"Mark Cuban",4640696000,"media-entertainment",65,1,"us","media-entertainment","online media;Dallas Mavericks","mark-cuban"
2022,224,"Marc Rowan",4631052000,"finance-investments",61,1,"us","finance-investments","private equity","marc-rowan"
2022,225,"Paul Lee",4630899000,"manufacturing",66,1,"us","manufacturing","battery separators","paul-lee-1"
2022,226,"Russ Weiner",4628500000,"food-beverage",53,1,"us","food-beverage","energy drinks","russ-weiner"
2022,227,"Barry Sternlicht",4618839000,"finance-investments",63,1,"us","finance-investments","private equity","barry-sternlicht"
2022,228,"Thomas Hagen",4604025000,"finance-investments",88,1,"us","finance-investments","insurance","thomas-hagen"
2022,229,"Ronald Lauder",4583244000,"fashion-retail",79,1,"us","fashion-retail","Estee Lauder","ronald-lauder"
2022,230,"Dagmar Dolby & family",4546757000,"technology",82,"","us","technology","Dolby Laboratories","dagmar-dolby"
2022,231,"Wesley Edens",4539374000,"finance-investments",62,1,"us","finance-investments","investments","wesley-edens"
2022,232,"Gwendolyn Sontheim Meyer",4536174000,"food-beverage",62,"","us","food-beverage","Cargill","gwendolyn-sontheim-meyer"
2022,233,"Doug Meijer & family",4532152000,"fashion-retail",69,1,"us","fashion-retail","supermarkets","doug-meijer"
2022,234,"Hank Meijer & family",4532152000,"fashion-retail",71,1,"us","fashion-retail","supermarkets","hank-meijer"
2022,235,"Mark Meijer & family",4532152000,"fashion-retail",66,1,"us","fashion-retail","supermarkets","mark-meijer"
2022,236,"J. Joe Ricketts & family",4525563000,"finance-investments",82,1,"us","finance-investments","TD Ameritrade","j-joe-ricketts"
2022,237,"Joseph Liemandt",4467291000,"technology",55,1,"us","technology","software","joseph-liemandt"
2022,238,"Margot Birmingham Perot",4453368000,"technology",90,"","us","technology","computer services;real estate","margot-birmingham-perot"
2022,239,"Jeffrey Lurie",4439120000,"sports",72,1,"us","sports","Philadelphia Eagles","jeffrey-lurie"
2022,240,"Neal Blue & family",4438300000,"manufacturing",88,1,"us","manufacturing","defense","neal-blue"
2022,241,"Jose E. Feliciano",4323000000,"finance-investments",50,1,"us","finance-investments","private equity","jose-e-feliciano"
2022,242,"Johnelle Hunt",4311321000,"logistics",92,"","us","logistics","trucking","johnelle-hunt"
2022,243,"Marian Ilitch",4302000000,"food-beverage",90,"","us","food-beverage","Little Caesars Pizza","marian-ilitch"
2022,244,"Mary Alice Dorrance Malone",4292281000,"food-beverage",73,"","us","food-beverage","Campbell Soup","mary-alice-dorrance-malone"
2022,245,"William Berkley",4282179000,"finance-investments",77,1,"us","finance-investments","insurance","william-berkley"
2022,246,"Behdad Eghbali",4276000000,"finance-investments",47,1,"us","finance-investments","private equity","behdad-eghbali"
2022,247,"Jim Davis",4254564999,"service",63,1,"us","service","staffing & recruiting","jim-davis-1"
2022,248,"Gary Wang",4231000000,"finance-investments",30,1,"us","finance-investments","cryptocurrency exchange","gary-wang-1"
2022,249,"Lynsi Snyder",4230399999,"food-beverage",41,"","us","food-beverage","In-N-Out Burger","lynsi-snyder"
2022,250,"Jack Dorsey",4218611000,"technology",47,1,"us","technology","Twitter;Square","jack-dorsey"
2022,251,"Mat Ishbia",4204750000,"finance-investments",44,1,"us","finance-investments","mortgage lender","mat-ishbia"
2022,252,"Eric Lefkofsky",4191720000,"technology",54,1,"us","technology","Groupon;investments","eric-lefkofsky"
2022,253,"Thai Lee",4189073000,"technology",65,"","us","technology","IT provider","thai-lee"
2022,254,"Jeff Skoll",4168593000,"technology",58,1,"us","technology","eBay","jeff-skoll"
2022,255,"Lin Bin",4129296999,"technology",55,1,"us","technology","smartphones","lin-bin"
2022,256,"Arturo Moreno",4128691000,"sports",77,1,"us","sports","billboards;Los Angeles Angels","arturo-moreno"
2022,257,"Min Kao & family",4111701000,"technology",74,1,"us","technology","navigation equipment","min-kao"
2022,258,"Rupert Johnson Jr",4110412000,"finance-investments",83,1,"us","finance-investments","Franklin Templeton","rupert-johnson-jr"
2022,259,"Austen Cargill II",4108411000,"food-beverage",72,1,"us","food-beverage","Cargill","austen-cargill-ii"
2022,260,"James Cargill II",4108411000,"food-beverage",74,1,"us","food-beverage","Cargill","james-cargill-ii"
2022,261,"Marianne Liebmann",4108411000,"food-beverage",70,"","us","food-beverage","Cargill","marianne-liebmann"
2022,262,"Peter Thiel",4101130000,"finance-investments",56,1,"us","finance-investments","Facebook;investments","peter-thiel"
2022,263,"Donald Sterling",4091379000,"real-estate",89,1,"us","real-estate","real estate","donald-sterling"
2022,264,"W. Herbert Hunt",4087643000,"energy",94,1,"us","energy","oil","w-herbert-hunt"
2022,265,"Jon Stryker",4073422000,"healthcare",65,1,"us","healthcare","medical equipment","jon-stryker"
2022,266,"John Catsimatidis",4064000000,"energy",75,1,"us","energy","oil;real estate","john-catsimatidis"
2022,267,"Herbert Wertheim",4051044000,"finance-investments",84,1,"us","finance-investments","investments","herbert-wertheim"
2022,268,"Scott Cook",4050690000,"technology",71,1,"us","technology","software","scott-cook"
2022,269,"Travis Kalanick",4049746000,"technology",47,1,"us","technology","Uber","travis-kalanick"
2022,270,"Fred Smith",4034972000,"logistics",79,1,"us","logistics","FedEx","fred-smith-1"
2022,271,"Ben Chestnut",4027160000,"technology",49,1,"us","technology","email marketing","ben-chestnut"
2022,272,"Dan Kurzius",4027160000,"technology",52,1,"us","technology","email marketing","dan-kurzius"
2022,273,"Nick Caporella",4025572000,"food-beverage",87,1,"us","food-beverage","beverages","nick-caporella"
2022,274,"Gail Miller",4020210000,"automotive",80,"","us","automotive","car dealerships","gail-miller"
2022,275,"Sid Bass",4015487000,"energy",81,1,"us","energy","oil;investments","sid-bass"
2022,276,"Steven Spielberg",4000000000,"media-entertainment",77,1,"us","media-entertainment","movies","steven-spielberg"
2022,277,"Charles Ergen",3989198000,"media-entertainment",70,1,"us","media-entertainment","satellite TV","charles-ergen"
2022,278,"John Henry",3956993000,"sports",74,1,"us","sports","sports","john-henry"
2022,279,"Hayes Barnard",3950000000,"finance-investments",51,1,"us","finance-investments","fintech","hayes-barnard"
2022,280,"Michael Moritz",3949319000,"technology",69,1,"us","technology","venture capital","michael-moritz"
2022,281,"Jeremy Jacobs Sr & family",3930945000,"service",83,1,"us","service","food service","jeremy-jacobs-sr"
2022,282,"Rakesh Gangwal",3929318000,"service",70,1,"us","service","airline","rakesh-gangwal"
2022,283,"Jay Paul",3925962000,"real-estate",76,1,"us","real-estate","real estate","jay-paul"
2022,284,"Thomas Secunda",3922300000,"media-entertainment",69,1,"us","media-entertainment","Bloomberg LP","thomas-secunda"
2022,285,"Trevor Rees-Jones",3919432000,"energy",72,1,"us","energy","oil & gas","trevor-rees-jones"
2022,286,"Bernard Saul II",3911036000,"finance-investments",91,1,"us","finance-investments","banking;real estate","bernard-saul-ii"
2022,287,"James Irsay",3907000000,"sports",64,1,"us","sports","Indianapolis Colts","james-irsay"
2022,288,"Isaac Perlmutter",3873154000,"media-entertainment",81,1,"us","media-entertainment","Marvel comics","isaac-perlmutter"
2022,289,"Gabe Newell",3858600000,"gambling-casinos",61,1,"us","gambling-casinos","videogames","gabe-newell"
2022,290,"H. Ross Perot Jr",3846050000,"real-estate",65,1,"us","real-estate","real estate","h-ross-perot-jr"
2022,291,"Richard Sands",3837266000,"food-beverage",72,1,"us","food-beverage","liquor","richard-sands"
2022,292,"Leo Koguan",3833175000,"technology",68,1,"us","technology","IT provider","leo-koguan"
2022,293,"Steven Udvar-Hazy",3817238000,"service",77,1,"us","service","aircraft leasing","steven-udvar-hazy"
2022,294,"Jean (Gigi) Pritzker",3811351000,"service",61,"","us","service","hotels;investments","jean-gigi-pritzker"
2022,295,"Robert Sands",3809491000,"food-beverage",65,1,"us","food-beverage","liquor","robert-sands"
2022,296,"Joseph Grendys",3808909000,"food-beverage",62,1,"us","food-beverage","poultry processing","joseph-grendys"
2022,297,"Barry Diller",3766430000,"media-entertainment",81,1,"us","media-entertainment","online media","barry-diller"
2022,298,"Richard Schulze",3762559000,"fashion-retail",83,1,"us","fashion-retail","Best Buy","richard-schulze"
2022,299,"Anthony Pritzker",3740000000,"service",62,1,"us","service","hotels;investments","anthony-pritzker"
2022,300,"Brad Jacobs",3736397000,"logistics",67,1,"us","logistics","logistics","brad-jacobs"
2022,301,"Elizabeth Uihlein",3724798000,"manufacturing",78,"","us","manufacturing","packaging materials","elizabeth-uihlein"
2022,302,"Richard Uihlein",3724798000,"manufacturing",78,1,"us","manufacturing","packaging materials","richard-uihlein"
2022,303,"Charles Cohen",3713941000,"real-estate",71,1,"us","real-estate","real estate","charles-cohen"
2022,304,"Jim Kavanaugh",3713000000,"technology",61,1,"us","technology","IT provider","jim-kavanaugh"
2022,305,"Howard Schultz",3697064000,"food-beverage",70,1,"us","food-beverage","Starbucks","howard-schultz"
2022,306,"Daniel Och",3680229000,"finance-investments",62,1,"us","finance-investments","hedge funds","daniel-och"
2022,307,"Rodney Sacks",3679123000,"food-beverage",74,1,"us","food-beverage","energy drinks","rodney-sacks"
2022,308,"Jerry Speyer",3642023000,"real-estate",83,1,"us","real-estate","real estate","jerry-speyer"
2022,309,"Mark Stevens",3610312000,"finance-investments",63,1,"us","finance-investments","venture capital","mark-stevens"
2022,310,"Peter Kellogg",3591052000,"finance-investments",81,1,"us","finance-investments","investments","peter-kellogg"
2022,311,"Pablo Legorreta",3590881000,"finance-investments",60,1,"us","finance-investments","investments","pablo-legorreta"
2022,312,"J.B. Pritzker",3589000000,"finance-investments",58,1,"us","finance-investments","hotels;investments","jb-pritzker"
2022,313,"Jim Coulter",3582860000,"finance-investments",64,1,"us","finance-investments","private equity","jim-coulter"
2022,314,"Stephen Mandel Jr",3573300000,"finance-investments",67,1,"us","finance-investments","hedge funds","stephen-mandel-jr"
2022,315,"Richard LeFrak & family",3547527000,"real-estate",78,1,"us","real-estate","real estate","richard-lefrak"
2022,316,"Andrew & Peggy Cherng",3538365000,"food-beverage","","","us","food-beverage","restaurants","andrew-peggy-cherng"
2022,317,"Scott Shleifer",3522700000,"finance-investments",46,1,"us","finance-investments","private equity","scott-shleifer"
2022,318,"Stephen Feinberg",3520194000,"finance-investments",63,1,"us","finance-investments","private equity","stephen-feinberg"
2022,319,"Ira Rennert",3510550000,"finance-investments",89,1,"us","finance-investments","investments","ira-rennert"
2022,320,"William Lauder",3508764000,"fashion-retail",63,1,"us","fashion-retail","Estee Lauder","william-lauder"
2022,321,"Bennett Dorrance",3490324000,"food-beverage",77,1,"us","food-beverage","Campbell Soup","bennett-dorrance"
2022,322,"Daniel Loeb",3479410000,"finance-investments",62,1,"us","finance-investments","hedge funds","daniel-loeb"
2022,323,"Martha Ingram & family",3460605000,"media-entertainment",88,"","us","media-entertainment","book distribution;transportation","martha-ingram"
2022,324,"John Sall",3451315000,"technology",75,1,"us","technology","software","john-sall"
2022,325,"Vincent Viola",3449324000,"finance-investments",67,1,"us","finance-investments","electronic trading","vincent-viola"
2022,326,"Daniel D'Aniello",3445738000,"finance-investments",77,1,"us","finance-investments","private equity","daniel-daniello"
2022,327,"William Ackman",3431950000,"finance-investments",57,1,"us","finance-investments","hedge funds","william-ackman"
2022,328,"Peter Gassner",3422516000,"technology",58,1,"us","technology","software","peter-gassner"
2022,329,"Bob Parsons",3400000000,"technology",73,1,"us","technology","web hosting","bob-parsons"
2022,330,"Amos Hostetter Jr",3392592000,"media-entertainment",86,1,"us","media-entertainment","cable television","amos-hostetter-jr"
2022,331,"Eric Yuan & family",3390781000,"technology",53,1,"us","technology","Zoom Video Communications","eric-yuan"
2022,332,"Bill Austin",3386384000,"manufacturing",81,1,"us","manufacturing","hearing aids","bill-austin"
2022,333,"Robert Johnson",3375000000,"sports",76,1,"us","sports","Johnson & Johnson;sports","robert-johnson-3"
2022,334,"John Middleton",3363000000,"food-beverage",68,1,"us","food-beverage","tobacco","john-middleton"
2022,335,"Herb Simon",3337052000,"real-estate",89,1,"us","real-estate","real estate","herb-simon"
2022,336,"Rodger Riney & family",3321800000,"finance-investments",78,1,"us","finance-investments","discount brokerage","rodger-riney"
2022,337,"Jeffrey Talpins",3302000000,"finance-investments",48,1,"us","finance-investments","hedge fund","jeffrey-talpins"
2022,338,"John Arnold",3285000000,"finance-investments",49,1,"us","finance-investments","hedge funds","john-arnold"
2022,339,"Aerin Lauder",3277226000,"fashion-retail",53,"","us","fashion-retail","Estee Lauder","aerin-lauder"
2022,340,"Carl Thoma",3255000000,"finance-investments",75,1,"us","finance-investments","investments","carl-thoma"
2022,341,"Lynn Schusterman",3238000000,"energy",84,"","us","energy","oil & gas;investments","lynn-schusterman"
2022,342,"Donald Trump",3236000000,"real-estate",77,1,"us","real-estate","real estate","donald-trump"
2022,343,"Frank VanderSloot",3225598000,"fashion-retail",75,1,"us","fashion-retail","nutrition;wellness products","frank-vandersloot"
2022,344,"David Rubenstein",3221289000,"finance-investments",74,1,"us","finance-investments","private equity","david-rubenstein"
2022,345,"David Filo",3215700000,"technology",57,1,"us","technology","Yahoo","david-filo"
2022,346,"Warren Stephens",3208986000,"finance-investments",66,1,"us","finance-investments","investment banking","warren-stephens"
2022,347,"Steve Wynn",3184500000,"gambling-casinos",81,1,"us","gambling-casinos","casinos;hotels","steve-wynn"
2022,348,"Thomas Siebel",3179683000,"technology",71,1,"us","technology","business software","thomas-siebel"
2022,349,"Geoffrey Palmer",3172856000,"real-estate",73,1,"us","real-estate","real estate","geoffrey-palmer"
2022,350,"Jon Yarbrough",3155000000,"gambling-casinos",66,1,"us","gambling-casinos","video games","jon-yarbrough"
2022,351,"Phil Ruffin",3154451000,"diversified",88,1,"us","diversified","casinos;real estate","phil-ruffin"
2022,352,"Reed Hastings",3141474000,"media-entertainment",63,1,"us","media-entertainment","Netflix","reed-hastings"
2022,353,"Hamilton James & family",3135796000,"finance-investments",72,1,"us","finance-investments","investments","hamilton-james"
2022,354,"Sheldon Lavin",3134500000,"food-beverage",91,1,"us","food-beverage","meat processing","sheldon-lavin"
2022,355,"Edward DeBartolo Jr",3103800000,"real-estate",77,1,"us","real-estate","shopping centers","edward-debartolo-jr"
2022,356,"Jonathan Nelson",3064000000,"finance-investments",67,1,"us","finance-investments","private equity","jonathan-nelson"
2022,357,"Nicolas Berggruen",3050000000,"real-estate",62,1,"us","real-estate","real estate;investments","nicolas-berggruen"
2022,358,"George Bishop",3025430000,"energy",86,1,"us","energy","oil & gas","george-bishop"
2022,359,"William Conway Jr",3023429000,"finance-investments",74,1,"us","finance-investments","private equity","william-conway-jr"
2022,360,"Pat Stryker",3014299000,"healthcare",67,"","us","healthcare","medical equipment","pat-stryker"
2022,361,"John Paulson",3000000000,"finance-investments",68,1,"us","finance-investments","hedge funds","john-paulson"
2022,362,"Penny Pritzker",2996790000,"finance-investments",64,"","us","finance-investments","hotels;investments","penny-pritzker"
2022,363,"Stephen Deckoff",2980260000,"finance-investments",58,1,"us","finance-investments","private equity","stephen-deckoff"
2022,364,"Todd Christopher",2970800000,"fashion-retail",61,1,"us","fashion-retail","hair care products","todd-christopher"
2022,365,"Ron Burkle",2953900000,"finance-investments",71,1,"us","finance-investments","supermarkets;investments","ron-burkle"
2022,366,"Daniel Sundheim",2949000000,"finance-investments",46,1,"us","finance-investments","hedge funds","daniel-sundheim"
2022,367,"Todd Wanek",2934226000,"manufacturing",59,1,"us","manufacturing","furniture","todd-wanek"
2022,368,"Michael Xie",2932984000,"technology",54,1,"us","technology","cybersecurity","michael-xie"
2022,369,"Norman Braman",2927553000,"automotive",91,1,"us","automotive","art;car dealerships","norman-braman"
2022,370,"John Paul DeJoria",2910092000,"fashion-retail",79,1,"us","fashion-retail","hair products;tequila","john-paul-dejoria"
2022,371,"Haim Saban",2908410000,"media-entertainment",79,1,"us","media-entertainment","TV network;investments","haim-saban"
2022,372,"Steven Klinsky",2901619000,"finance-investments",67,1,"us","finance-investments","investments","steven-klinsky"
2022,373,"Kenneth Feld & family",2899551000,"media-entertainment",75,1,"us","media-entertainment","live entertainment","kenneth-feld"
2022,374,"Ernest Garcia II",2885806000,"automotive",66,1,"us","automotive","used cars","ernest-garcia-ii"
2022,375,"William Wrigley Jr",2865737000,"food-beverage",60,1,"us","food-beverage","chewing gum","william-wrigley-jr"
2022,376,"Mark Shoen",2864217000,"automotive",73,1,"us","automotive","U-Haul","mark-shoen"
2022,377,"John Tyson & family",2853521000,"food-beverage",70,1,"us","food-beverage","food processing","john-tyson"
2022,378,"Eleanor Butt Crook & family",2805300000,"fashion-retail",91,"","us","fashion-retail","supermarkets","eleanor-butt-crook"
2022,379,"Drayton McLane Jr",2797670000,"fashion-retail",87,1,"us","fashion-retail","Walmart;logistics","drayton-mclane-jr"
2022,380,"Sean Parker",2795942000,"media-entertainment",44,1,"us","media-entertainment","Facebook","sean-parker"
2022,381,"Meg Whitman",2794627000,"technology",67,"","us","technology","eBay","meg-whitman"
2022,382,"Charles Zegar",2790200000,"media-entertainment",75,1,"us","media-entertainment","Bloomberg LP","charles-zegar"
2022,383,"Steven Sarowitz",2784491000,"technology",58,1,"us","technology","payroll software","steven-sarowitz"
2022,384,"Donald Horton & family",2773423000,"real-estate",73,1,"us","real-estate","homebuilding","donald-horton"
2022,385,"Jeff T. Green",2762973000,"media-entertainment",46,1,"us","media-entertainment","digital advertising","jeff-t-green"
2022,386,"Stewart Rahr",2751400000,"healthcare",77,1,"us","healthcare","drug distribution","stewart-rahr"
2022,387,"Thomas Tull",2738845000,"media-entertainment",53,1,"us","media-entertainment","movies;investments","thomas-tull"
2022,388,"Roger Penske",2713751000,"automotive",86,1,"us","automotive","cars","roger-penske"
2022,389,"James Clark",2681309000,"technology",79,1,"us","technology","Netscape;investments","james-clark"
2022,390,"Lorenzo Fertitta",2674067000,"sports",55,1,"us","sports","casinos;mixed martial arts","lorenzo-fertitta"
2022,391,"Robert Friedland",2665743000,"metals-mining",73,1,"us","metals-mining","mining","robert-friedland"
2022,392,"Stewart Horejsi & family",2663878000,"finance-investments",86,1,"us","finance-investments","Berkshire Hathaway","stewart-horejsi"
2022,393,"Frank Fertitta III",2652267000,"sports",61,1,"us","sports","casinos;mixed martial arts","frank-fertitta-iii"
2022,394,"Ben Ashkenazy",2633210000,"real-estate",54,1,"us","real-estate","real estate","ben-ashkenazy"
2022,395,"Tor Peterson",2625627000,"metals-mining",59,1,"us","metals-mining","commodities","tor-peterson"
2022,396,"C. Dean Metropoulos",2621461000,"food-beverage",77,1,"us","food-beverage","investments","c-dean-metropoulos"
2022,397,"Henry Laufer",2600000000,"finance-investments",78,1,"us","finance-investments","hedge funds","henry-laufer"
2022,398,"Michael S. Smith",2600000000,"energy",68,1,"us","energy","liquefied natural gas","michael-s-smith"
2022,399,"Bom Kim",2596352000,"technology",45,1,"us","technology","online retailing","bom-kim"
2022,400,"Andrew Cherng",2595657000,"food-beverage",75,1,"us","food-beverage","fast food","andrew-cherng-1"
2022,401,"Peggy Cherng",2595657000,"food-beverage",76,"","us","food-beverage","fast food","peggy-cherng"
2022,402,"Richard Peery",2593706000,"real-estate",85,1,"us","real-estate","real estate","richard-peery"
2022,403,"Alejandro Santo Domingo",2592672000,"food-beverage",46,1,"us","food-beverage","beer","alejandro-santo-domingo"
2022,404,"Felix Baker",2585900000,"finance-investments",54,1,"us","finance-investments","biotech investing","felix-baker"
2022,405,"Roger Wang",2570907000,"fashion-retail",75,1,"us","fashion-retail","retail","roger-wang"
2022,406,"Julian Baker",2562000000,"finance-investments",57,1,"us","finance-investments","investing","julian-baker"
2022,407,"Nicholas Pritzker",2552346000,"finance-investments",80,1,"us","finance-investments","hotels;investments","nicholas-pritzker"
2022,408,"Brad Kelley",2548830000,"real-estate",67,1,"us","real-estate","tobacco","brad-kelley"
2022,409,"Bill Haslam",2543156000,"fashion-retail",65,1,"us","fashion-retail","gas stations","bill-haslam"
2022,410,"Oprah Winfrey",2541201000,"media-entertainment",69,"","us","media-entertainment","TV shows","oprah-winfrey"
2022,411,"Ray Davis",2537380000,"energy",82,1,"us","energy","pipelines","ray-davis"
2022,412,"Timothy Springer",2529313000,"healthcare",75,1,"us","healthcare","biotech","timothy-springer"
2022,413,"Jeff Sutton",2522658000,"real-estate",63,1,"us","real-estate","real estate","jeff-sutton"
2022,414,"Frank Laukien",2520994000,"manufacturing",63,1,"us","manufacturing","scientific equipment","frank-laukien"
2022,415,"Bill Alfond",2512512000,"fashion-retail",75,1,"us","fashion-retail","shoes","bill-alfond"
2022,416,"Susan Alfond",2512512000,"fashion-retail",78,"","us","fashion-retail","shoes","susan-alfond"
2022,417,"Ted Alfond",2512512000,"fashion-retail",79,1,"us","fashion-retail","shoes","ted-alfond"
2022,418,"S. Daniel Abraham",2500060000,"food-beverage",99,1,"us","food-beverage","Slim-Fast","s-daniel-abraham"
2022,419,"Leon G. Cooperman",2500000000,"finance-investments",80,1,"us","finance-investments","hedge funds","leon-g-cooperman"
2022,420,"Leonard Schleifer",2497224000,"healthcare",71,1,"us","healthcare","pharmaceuticals","leonard-schleifer"
2022,421,"Joseph Edelman",2492000000,"finance-investments",68,1,"us","finance-investments","hedge funds","joseph-edelman"
2022,422,"Chad Richison",2478406000,"technology",53,1,"us","technology","payroll processing","chad-richison"
2022,423,"Doris Fisher",2467709000,"fashion-retail",92,"","us","fashion-retail","Gap","doris-fisher"
2022,424,"John Pritzker",2458000000,"finance-investments",70,1,"us","finance-investments","hotels;investments","john-pritzker"
2022,425,"Eren Ozmen",2456500000,"manufacturing",65,"","us","manufacturing","aerospace","eren-ozmen"
2022,426,"Mortimer Zuckerman",2453866000,"real-estate",86,1,"us","real-estate","real estate;media","mortimer-zuckerman"
2022,427,"Evan Spiegel",2450607000,"media-entertainment",33,1,"us","media-entertainment","Snapchat","evan-spiegel"
2022,428,"Vincent McMahon",2448628000,"sports",78,1,"us","sports","entertainment","vincent-mcmahon"
2022,429,"Jed McCaleb",2440843000,"finance-investments",49,1,"us","finance-investments","cryptocurrency","jed-mccaleb"
2022,430,"Jerry Yang",2431729000,"technology",55,1,"us","technology","Yahoo","jerry-yang"
2022,431,"Brian Acton",2429000000,"technology",51,1,"us","technology","WhatsApp","brian-acton"
2022,432,"Edward Bass",2428025000,"energy",78,1,"us","energy","oil;investments","edward-bass"
2022,433,"Daniel Pritzker",2424481000,"finance-investments",64,1,"us","finance-investments","hotels;investments","daniel-pritzker"
2022,434,"Alec Gores",2417446000,"finance-investments",70,1,"us","finance-investments","private equity","alec-gores"
2022,435,"Chetan Dube",2400000000,"technology",58,1,"us","technology","technology","chetan-dube"
2022,436,"Gerald Ford",2399475000,"finance-investments",79,1,"us","finance-investments","banking","gerald-ford"
2022,437,"J. Tomilson Hill",2399350000,"finance-investments",75,1,"us","finance-investments","investments","j-tomilson-hill"
2022,438,"Glen Taylor",2397798000,"service",82,1,"us","service","printing","glen-taylor"
2022,439,"Thomas James",2395964000,"finance-investments",81,1,"us","finance-investments","finance","thomas-james"
2022,440,"David Walentas",2375600000,"real-estate",85,1,"us","real-estate","real estate","david-walentas"
2022,441,"Riley Bechtel & family",2373424000,"construction-engineering",71,1,"us","construction-engineering","engineering;construction","riley-bechtel"
2022,442,"Hua Shen",2367664000,"technology",61,1,"us","technology","semiconductors","hua-shen"
2022,443,"Fatih Ozmen",2358500000,"manufacturing",65,1,"us","manufacturing","aerospace","fatih-ozmen"
2022,444,"Ted Turner",2350200000,"media-entertainment",85,1,"us","media-entertainment","cable television","ted-turner"
2022,445,"Timothy Boyle",2345246000,"fashion-retail",74,1,"us","fashion-retail","Columbia Sportswear","timothy-boyle"
2022,446,"Lee Bass",2339182000,"energy",67,1,"us","energy","oil;investments","lee-bass"
2022,447,"Bruce Karsh",2325000000,"finance-investments",68,1,"us","finance-investments","private equity","bruce-karsh"
2022,448,"Hao Hong",2321889000,"healthcare",68,1,"us","healthcare","pharmaceuticals","hao-hong"
2022,449,"John Fisher",2310081000,"fashion-retail",62,1,"us","fashion-retail","Gap","john-fisher"
2022,450,"Osman Kibar",2306331000,"healthcare",52,1,"us","healthcare","biotech","osman-kibar"
2022,451,"Clayton Mathile",2300000000,"food-beverage",82,1,"us","food-beverage","pet food","clayton-mathile"
2022,452,"Henry Davis",2288000000,"food-beverage",72,1,"us","food-beverage","beef processing","henry-davis"
2022,453,"Barbara Tyson",2271423000,"food-beverage",74,"","us","food-beverage","food processing","barbara-tyson"
2022,454,"Charles Munger",2269482000,"finance-investments",100,1,"us","finance-investments","Berkshire Hathaway","charles-munger"
2022,455,"J. Hyatt Brown",2247719000,"finance-investments",86,1,"us","finance-investments","insurance","j-hyatt-brown"
2022,456,"Thomas Duff",2245900000,"diversified",67,1,"us","diversified","tires;diversified","thomas-duff"
2022,457,"James Duff",2244400000,"diversified",62,1,"us","diversified","tires;diversified","james-duff"
2022,458,"David Murdock",2229499000,"food-beverage",100,1,"us","food-beverage","Dole;real estate","david-murdock"
2022,459,"James Jannard",2227937000,"fashion-retail",74,1,"us","fashion-retail","sunglasses","james-jannard"
2022,460,"Jeffrey Gundlach",2222000000,"finance-investments",65,1,"us","finance-investments","investments","jeffrey-gundlach"
2022,461,"Kavitark Ram Shriram",2220766000,"technology",66,1,"us","technology","venture capital;Google","kavitark-ram-shriram"
2022,462,"Chris Larsen",2208476000,"finance-investments",63,1,"us","finance-investments","cryptocurrency","chris-larsen"
2022,463,"Bobby Murphy",2203808000,"media-entertainment",35,1,"us","media-entertainment","Snapchat","bobby-murphy"
2022,464,"Chris Britt",2200000000,"finance-investments",50,1,"us","finance-investments","fintech","chris-britt"
2022,465,"Noam Gottesman",2199956000,"finance-investments",62,1,"us","finance-investments","hedge funds","noam-gottesman"
2022,466,"Howard Marks",2155068000,"finance-investments",77,1,"us","finance-investments","private equity","howard-marks"
2022,467,"Jeffrey Soffer",2152000000,"real-estate",56,"","us","real-estate","real estate","jeffrey-soffer"
2022,468,"Jeff Rothschild",2146875000,"media-entertainment",69,1,"us","media-entertainment","Facebook","jeff-rothschild"
2022,469,"Aneel Bhusri",2133303000,"technology",57,1,"us","technology","business software","aneel-bhusri"
2022,470,"Gordon Getty",2131605000,"energy",90,1,"us","energy","Getty Oil","gordon-getty"
2022,471,"Carl DeSantis",2124846000,"food-beverage",84,1,"us","food-beverage","energy drink","carl-desantis"
2022,472,"George Argyros & family",2105156000,"real-estate",86,1,"us","real-estate","real estate;investments","george-argyros"
2022,473,"Jane Goldman",2092458999,"real-estate",68,"","us","real-estate","real estate","jane-goldman"
2022,474,"Daniel Lubetzky",2078449999,"food-beverage",55,1,"us","food-beverage","snack bars","daniel-lubetzky"
2022,475,"Robert Langer",2074786999,"healthcare",75,1,"us","healthcare","biotech","robert-langer"
2022,476,"E. Joe Shoen",2061326000,"automotive",74,1,"us","automotive","U-Haul","e-joe-shoen"
2022,477,"Jim Breyer",2058306000,"technology",62,1,"us","technology","venture capital","jim-breyer"
2022,478,"Richard Saghian",2053000000,"fashion-retail",42,1,"us","fashion-retail","fast fashion","richard-saghian"
2022,479,"William Stone",2051489999,"technology",68,1,"us","technology","software","william-stone"
2022,480,"Orion Hindawi",2041000000,"technology",43,1,"us","technology","software","orion-hindawi"
2022,481,"Noubar Afeyan",2039402000,"healthcare",61,1,"us","healthcare","biotech","noubar-afeyan"
2022,482,"William Young",2022650000,"manufacturing",83,1,"us","manufacturing","plastics","william-young"
2022,483,"T. Denny Sanford",2019137000,"finance-investments",88,1,"us","finance-investments","banking;credit cards","t-denny-sanford"
2022,484,"Craig McCaw",2018187000,"telecom",74,1,"us","telecom","telecom","craig-mccaw"
2022,485,"Glenn Dubin",2010000000,"finance-investments",66,1,"us","finance-investments","hedge funds","glenn-dubin"
2022,486,"Amy Goldman Fowler",2008716000,"real-estate",69,"","us","real-estate","real estate","amy-goldman-fowler"
2022,487,"Ryan Breslow",2000000000,"technology",29,1,"us","technology","e-commerce software","ryan-breslow"
2022,488,"William Franke",1997163000,"diversified",86,1,"us","diversified","low-cost airlines","william-franke"
2022,489,"Jayshree Ullal",1988690000,"technology",62,"","us","technology","computer networking","jayshree-ullal"
2022,490,"Diane Kemper",1982716000,"real-estate",78,"","us","real-estate","real estate","diane-kemper"
2022,491,"Josh Kushner",1981000000,"finance-investments",38,1,"us","finance-investments","venture capital","josh-kushner"
2022,492,"Linda Pritzker",1980960000,"service",70,"","us","service","hotels;investments","linda-pritzker"
2022,493,"Paul Foster",1980662000,"energy",66,1,"us","energy","oil refining","paul-foster"
2022,494,"Thomas Lee",1980000000,"finance-investments",79,1,"us","finance-investments","private equity","thomas-lee"
2022,495,"Robert Duggan",1970220000,"healthcare",79,1,"us","healthcare","pharmaceuticals","robert-duggan"
2022,496,"William Boyd & family",1964246000,"gambling-casinos",92,1,"us","gambling-casinos","casinos;banking","william-boyd"
2022,497,"Alexandra Daitch",1958847000,"food-beverage",61,"","us","food-beverage","Cargill","alexandra-daitch"
2022,498,"Lucy Stitzer",1958847000,"food-beverage",64,"","us","food-beverage","Cargill","lucy-stitzer"
2022,499,"Sarah MacMillan",1958847000,"food-beverage",70,"","us","food-beverage","Cargill","sarah-macmillan"
2022,500,"David Baszucki",1948158000,"media-entertainment",60,1,"us","media-entertainment","online games","david-baszucki"
2022,501,"Howard Butt III & family",1943500000,"fashion-retail",71,"","us","fashion-retail","supermarkets","howard-butt-iii"
2022,502,"Stephen Butt & family",1943500000,"fashion-retail",68,"","us","fashion-retail","supermarkets","stephen-butt"
2022,503,"Charlotte Colket Weber",1938689000,"food-beverage",81,"","us","food-beverage","Campbell Soup","charlotte-colket-weber"
2022,504,"Herb Chambers",1938292000,"automotive",82,1,"us","automotive","car dealerships","herb-chambers"
2022,505,"David Zalik",1927443000,"technology",49,1,"us","technology","financial technology","david-zalik"
2022,506,"Justin Ishbia",1919335000,"finance-investments",46,1,"us","finance-investments","private equity","justin-ishbia"
2022,507,"B. Wayne Hughes Jr",1914429000,"real-estate",64,1,"us","real-estate","storage facilities","b-wayne-hughes-jr"
2022,508,"Willis Johnson",1907879000,"automotive",76,1,"us","automotive","damaged cars","willis-johnson"
2022,509,"Alice Schwartz",1906822000,"healthcare",97,"","us","healthcare","biotech","alice-schwartz"
2022,510,"Larry Robbins",1905645000,"finance-investments",54,1,"us","finance-investments","hedge funds","larry-robbins"
2022,511,"Mark Davis",1900000000,"sports","",1,"us","sports","","mark-davis-1"
2022,512,"Kenneth Tuchman",1895261000,"service",64,1,"us","service","call centers","kenneth-tuchman"
2022,513,"Jennifer Pritzker",1893889000,"finance-investments",73,"","us","finance-investments","hotels;investments","jennifer-pritzker"
2022,514,"Travis Boersma",1890098000,"food-beverage",53,1,"us","food-beverage","coffee","travis-boersma"
2022,515,"James Dinan",1884800000,"finance-investments",64,1,"us","finance-investments","hedge funds","james-dinan"
2022,516,"August Troendle",1883436000,"healthcare",68,1,"us","healthcare","pharmaceutical services","august-troendle"
2022,517,"James Leprino",1881246000,"food-beverage",86,1,"us","food-beverage","cheese","james-leprino"
2022,518,"David Paul",1880040000,"healthcare",57,1,"us","healthcare","medical devices","david-paul"
2022,519,"David Lichtenstein",1875000000,"real-estate",62,1,"us","real-estate","real estate","david-lichtenstein"
2022,520,"Dwight Schar",1873673000,"construction-engineering",81,1,"us","construction-engineering","homebuilding;NFL team","dwight-schar"
2022,521,"Elaine Wynn",1862131000,"gambling-casinos",81,"","us","gambling-casinos","casinos;hotels","elaine-wynn"
2022,522,"Kim Kardashian",1849500000,"fashion-retail",43,"","us","fashion-retail","shapewear;cosmetics;reality TV","kim-kardashian"
2022,523,"Amy Wyss",1845300000,"healthcare",53,"","us","healthcare","medical equipment","amy-wyss"
2022,524,"Todd Wagner",1844143000,"media-entertainment",63,1,"us","media-entertainment","online media","todd-wagner"
2022,525,"Edward Stack",1834208000,"fashion-retail",69,1,"us","fashion-retail","Dick's Sporting Goods","edward-stack"
2022,526,"Alexis Lê-Quôc",1831696000,"technology",49,1,"us","technology","cloud computing","alexis-le-quoc"
2022,527,"David Hindawi",1828000000,"technology",79,1,"us","technology","software","david-hindawi"
2022,528,"Reid Hoffman",1824594000,"technology",56,1,"us","technology","LinkedIn","reid-hoffman"
2022,529,"Ronald Perelman",1821702000,"finance-investments",81,1,"us","finance-investments","leveraged buyouts","ronald-perelman"
2022,530,"Jerry Reinsdorf",1811200000,"sports",87,1,"us","sports","sports teams","jerry-reinsdorf"
2022,531,"Brian Higgins",1800000000,"finance-investments",58,1,"us","finance-investments","hedge funds","brian-higgins"
2022,532,"O. Francis Biondi",1800000000,"finance-investments",59,1,"us","finance-investments","hedge funds","o-francis-biondi"
2022,533,"Christopher Goldsbury",1797758000,"food-beverage",81,1,"us","food-beverage","salsa","christopher-goldsbury"
2022,534,"Gary Michelson",1782900000,"healthcare",74,1,"us","healthcare","medical patents","gary-michelson"
2022,535,"Evan Williams",1781170000,"media-entertainment",51,1,"us","media-entertainment","Twitter","evan-williams"
2022,536,"Henry Swieca",1780200000,"finance-investments",66,1,"us","finance-investments","hedge funds","henry-swieca"
2022,537,"Riaz Valani",1777000000,"finance-investments",47,1,"us","finance-investments","e-cigarettes","riaz-valani"
2022,538,"Phillip Frost",1775677000,"healthcare",87,1,"us","healthcare","pharmaceuticals","phillip-frost"
2022,539,"Leslie Alexander",1775000000,"sports",80,1,"us","sports","sports team","leslie-alexander"
2022,540,"James France",1771443000,"sports",79,1,"us","sports","Nascar;racing","james-france"
2022,541,"Marc Lasry",1761000000,"finance-investments",63,1,"us","finance-investments","hedge funds","marc-lasry"
2022,542,"Jared Isaacman",1758522000,"technology",40,1,"us","technology","payment processing","jared-isaacman"
2022,543,"Matthew Prince",1757155000,"technology",49,1,"us","technology","cybersecurity","matthew-prince"
2022,544,"Jeff Tangney",1752659000,"healthcare",51,1,"us","healthcare","healthcare IT","jeff-tangney"
2022,545,"Jonathan Tisch",1743693000,"diversified",70,1,"us","diversified","insurance;NFL team","jonathan-tisch"
2022,546,"Anita Zucker",1733522000,"manufacturing",71,"","us","manufacturing","chemicals","anita-zucker"
2022,547,"Marc Andreessen",1730952000,"finance-investments",52,1,"us","finance-investments","venture capital investing","marc-andreessen"
2022,548,"Randal J. Kirk",1730592000,"healthcare",69,1,"us","healthcare","pharmaceuticals","randal-j-kirk"
2022,549,"Tim Cook",1730032000,"technology",63,1,"us","technology","Apple","tim-cook"
2022,550,"Evgeny (Eugene) Shvidler",1714235000,"energy",59,1,"us","energy","oil & gas;investments","evgeny-eugene-shvidler"
2022,551,"Edward Lampert",1707016000,"finance-investments",61,1,"us","finance-investments","Sears","edward-lampert"
2022,552,"Jimmy John Liautaud",1700000000,"food-beverage",59,1,"us","food-beverage","sandwich chain","jimmy-john-liautaud"
2022,553,"Byron Trott",1694280000,"finance-investments",65,1,"us","finance-investments","investments","byron-trott"
2022,554,"Mario Gabelli",1691979000,"finance-investments",81,1,"us","finance-investments","money management","mario-gabelli"
2022,555,"James Leininger",1687041000,"healthcare",78,1,"us","healthcare","medical products","james-leininger"
2022,556,"Michael Jordan",1687000000,"sports",60,1,"us","sports","Charlotte Hornets;endorsements","michael-jordan"
2022,557,"Drew Houston",1682445000,"technology",40,1,"us","technology","cloud storage service","drew-houston"
2022,558,"Jim Thompson",1679878000,"logistics",83,1,"us","logistics","logistics","jim-thompson"
2022,559,"Keith Dunleavy & family",1674000000,"healthcare",54,1,"us","healthcare","health IT","keith-dunleavy"
2022,560,"Jorge Perez",1673000000,"real-estate",74,1,"us","real-estate","real estate","jorge-perez"
2022,561,"Stephen Winn",1672000000,"real-estate",77,1,"us","real-estate","real estate services","stephen-winn"
2022,562,"Joe Rogers Jr",1671000000,"food-beverage",77,1,"us","food-beverage","Waffle House","joe-rogers-jr"
2022,563,"Herbert Allen Jr & family",1665675000,"finance-investments",83,1,"us","finance-investments","investment banking","herbert-allen-jr"
2022,564,"Billy Joe (Red) McCombs",1655486000,"diversified",96,1,"us","diversified","real estate;oil;cars;sports","billy-joe-red-mccombs"
2022,565,"Stanley Hubbard",1641994000,"media-entertainment",90,1,"us","media-entertainment","DirecTV","stanley-hubbard"
2022,566,"Jim Crane",1634000000,"sports",69,1,"us","sports","logistics;baseball","jim-crane"
2022,567,"Robert Clark",1631100000,"construction-engineering",64,1,"us","construction-engineering","construction","robert-clark"
2022,568,"Tom Werner",1627500000,"sports",73,1,"us","sports","sports teams","tom-werner-1"
2022,569,"Andres Santo Domingo",1615357000,"food-beverage",45,1,"us","food-beverage","beer","andres-santo-domingo"
2022,570,"George Kurtz",1613452000,"technology",53,1,"us","technology","security software","george-kurtz"
2022,571,"Randal Nardone",1611234000,"finance-investments",68,1,"us","finance-investments","investments;energy","randal-nardone"
2022,572,"Jamie Dimon",1605466000,"finance-investments",67,1,"us","finance-investments","banking","jamie-dimon"
2022,573,"Louis Bacon",1600000000,"finance-investments",67,1,"us","finance-investments","hedge funds","louis-bacon"
2022,574,"Richard Kayne",1586839000,"finance-investments",78,1,"us","finance-investments","investments","richard-kayne"
2022,575,"Timothy Headington",1583608000,"energy",73,1,"us","energy","oil & gas;investments","timothy-headington"
2022,576,"Bill Gross",1577471000,"finance-investments",79,1,"us","finance-investments","investments","bill-gross"
2022,577,"Scott Watterson",1574450000,"technology",68,1,"us","technology","fitness equipment","scott-watterson"
2022,578,"Peter Sperling",1573150000,"service",64,1,"us","service","education","peter-sperling"
2022,579,"Theodore Leonsis",1571142000,"sports",67,1,"us","sports","sports teams","theodore-leonsis"
2022,580,"David Booth",1564800000,"finance-investments",78,1,"us","finance-investments","mutual funds","david-booth"
2022,581,"George Yancopoulos",1557744000,"healthcare",64,1,"us","healthcare","pharmaceuticals","george-yancopoulos"
2022,582,"Sue Gross",1554923000,"finance-investments",73,"","us","finance-investments","investments","sue-gross"
2022,583,"Frank Slootman",1552703000,"technology",65,1,"us","technology","software","frank-slootman"
2022,584,"Bharat Desai",1549500000,"technology",71,1,"us","technology","IT consulting","bharat-desai"
2022,585,"Paul Saville",1548815000,"real-estate",68,1,"us","real-estate","homebuilder","paul-saville"
2022,586,"William Koch",1545944000,"energy",83,1,"us","energy","oil;investments","william-koch"
2022,587,"Daniel Hirschfeld",1540670000,"fashion-retail",82,1,"us","fashion-retail","fashion retail","daniel-hirschfeld"
2022,588,"Catherine Lozick",1539232000,"manufacturing",78,"","us","manufacturing","valve manufacturing","catherine-lozick"
2022,589,"Kenny Troutt",1535000000,"telecom",75,1,"us","telecom","telecom","kenny-troutt"
2022,590,"Jim Koch",1529378000,"food-beverage",74,1,"us","food-beverage","beer","jim-koch"
2022,591,"Safra Catz",1519502000,"technology",62,"","us","technology","software","safra-catz"
2022,592,"Axel Stawski",1503360000,"real-estate",73,1,"us","real-estate","real estate","axel-stawski"
2022,593,"Sidney Kimmel",1503210000,"fashion-retail",95,1,"us","fashion-retail","retail","sidney-kimmel"
2022,594,"Brian Armstrong",1500639000,"finance-investments",40,1,"us","finance-investments","cryptocurrency","brian-armstrong"
2022,595,"Egon Durban",1500000000,"finance-investments",50,1,"us","finance-investments","private equity","egon-durban"
2022,596,"Greg Mondre",1500000000,"finance-investments",49,1,"us","finance-investments","private equity","greg-mondre"
2022,597,"Kenneth Hao",1500000000,"finance-investments",55,1,"us","finance-investments","private equity","kenneth-hao"
2022,598,"Michael Polsky",1500000000,"energy",75,1,"us","energy","Electric power","michael-polsky"
2022,599,"Mike Repole",1500000000,"food-beverage",55,1,"us","food-beverage","sports drink","mike-repole"
2022,600,"Seth Klarman",1500000000,"finance-investments",66,1,"us","finance-investments","investments","seth-klarman"
2022,601,"Thomas Steyer",1500000000,"finance-investments",66,1,"us","finance-investments","hedge funds","thomas-steyer"
2022,602,"Zach Perret",1500000000,"finance-investments",36,1,"us","finance-investments","fintech","zach-perret"
2022,603,"Sanjit Biswas",1495319000,"technology",41,1,"us","technology","sensor systems","sanjit-biswas"
2022,604,"Phillip T. (Terry) Ragon",1490727000,"technology",74,1,"us","technology","health IT","phillip-t-terry-ragon"
2022,605,"Liu Xiucai & family",1477738000,"manufacturing",66,1,"us","manufacturing","chemicals","liu-xiucai"
2022,606,"Alan Gerry",1477310000,"media-entertainment",95,1,"us","media-entertainment","cable television","alan-gerry"
2022,607,"John Bicket",1474103000,"technology",43,1,"us","technology","sensor systems","john-bicket"
2022,608,"Ben Silbermann",1473167000,"media-entertainment",41,1,"us","media-entertainment","social media","ben-silbermann"
2022,609,"Jim McKelvey",1472723000,"technology",58,1,"us","technology","mobile payments","jim-mckelvey"
2022,610,"Sheryl Sandberg",1467295000,"media-entertainment",54,"","us","media-entertainment","Facebook","sheryl-sandberg"
2022,611,"Joe Lacob",1461000000,"sports",67,1,"us","sports","Golden State Warriors","joe-lacob"
2022,612,"Steven Tisch",1460545000,"diversified",74,1,"us","diversified","insurance","steven-tisch"
2022,613,"Laurie Tisch",1457625000,"diversified",72,"","us","diversified","insurance;NFL team","laurie-tisch"
2022,614,"Duncan MacMillan",1455600000,"finance-investments",86,1,"us","finance-investments","Bloomberg LP","duncan-macmillan"
2022,615,"Ryan Smith",1454750000,"technology",45,1,"us","technology","cloud computing","ryan-smith"
2022,616,"Jerry Moyes & family",1444825000,"logistics",79,1,"us","logistics","transportation","jerry-moyes"
2022,617,"Nelson Peltz",1444075000,"finance-investments",81,1,"us","finance-investments","investments","nelson-peltz"
2022,618,"Wilma Tisch",1428226000,"finance-investments",96,"","us","finance-investments","diversified","wilma-tisch"
2022,619,"Steve Case",1427087000,"technology",65,1,"us","technology","AOL","steve-case"
2022,620,"Maggie Hardy Knox",1403200000,"service",58,"","us","service","building materials","maggie-hardy-knox"
2022,621,"Clifford Asness",1402000000,"finance-investments",57,1,"us","finance-investments","money management","clifford-asness"
2022,622,"Scott Kapnick",1400000000,"finance-investments",64,1,"us","finance-investments","private equity","scott-kapnick"
2022,623,"William Hockey",1400000000,"finance-investments",34,1,"us","finance-investments","fintech","william-hockey"
2022,624,"John Ocampo",1395754000,"technology",64,1,"us","technology","semiconductors","john-ocampo"
2022,625,"George Joseph",1391667000,"finance-investments",102,1,"us","finance-investments","insurance","george-joseph"
2022,626,"Martin Selig",1390010000,"real-estate",86,1,"us","real-estate","real estate","martin-selig"
2022,627,"Alan Trefler",1384770000,"technology",67,1,"us","technology","software","alan-trefler"
2022,628,"Darwin Deason",1373000000,"service",83,1,"us","service","software","darwin-deason"
2022,629,"Mark Pincus",1369802000,"technology",57,1,"us","technology","online games","mark-pincus"
2022,630,"John Farber",1368464000,"manufacturing",98,1,"us","manufacturing","chemicals","john-farber"
2022,631,"Alan Miller & family",1368204000,"healthcare",86,1,"us","healthcare","healthcare services","alan-miller-1"
2022,632,"Alfred West Jr",1365922000,"finance-investments",81,1,"us","finance-investments","money management","alfred-west-jr"
2022,633,"Jared Smith",1365000000,"technology",49,1,"us","technology","cloud computing","jared-smith-1"
2022,634,"John Oyler",1362794000,"healthcare",55,1,"us","healthcare","biotech","john-oyler"
2022,635,"George Marcus",1362599000,"real-estate",82,1,"us","real-estate","real estate","george-marcus"
2022,636,"Palmer Luckey",1351994000,"technology",31,1,"us","technology","virtual reality","palmer-luckey"
2022,637,"Tope Awotona",1350000000,"technology",42,1,"us","technology","software","tope-awotona"
2022,638,"Mitchell Jacobson",1335466000,"service",72,1,"us","service","industrial equipment","mitchell-jacobson"
2022,639,"Gary Lauder",1333015000,"fashion-retail",61,1,"us","fashion-retail","Estée Lauder","gary-lauder"
2022,640,"Gary Friedman",1332176000,"fashion-retail",66,1,"us","fashion-retail","Furniture retail","gary-friedman"
2022,641,"Brian Roberts",1327850000,"media-entertainment",64,1,"us","media-entertainment","Comcast","brian-roberts"
2022,642,"Gary Magness",1312810000,"media-entertainment",69,1,"us","media-entertainment","cable TV;investments","gary-magness"
2022,643,"Marvy Finger",1300000000,"real-estate",88,1,"us","real-estate","real estate","marvy-finger"
2022,644,"Farris Wilks",1296875000,"energy",71,1,"us","energy","natural gas","farris-wilks"
2022,645,"Cargill MacMillan III",1296141000,"food-beverage",64,1,"us","food-beverage","Cargill","cargill-macmillan-iii"
2022,646,"John MacMillan",1296141000,"food-beverage",74,1,"us","food-beverage","Cargill","john-macmillan-1"
2022,647,"Martha MacMillan",1296141000,"food-beverage",72,"","us","food-beverage","Cargill","martha-macmillan"
2022,648,"William MacMillan",1296141000,"food-beverage",69,1,"us","food-beverage","Cargill","william-macmillan"
2022,649,"David Hoffmann",1292000000,"diversified",71,1,"us","diversified","executive search;investments","david-hoffmann"
2022,650,"Michael Krasny",1290000000,"technology",70,1,"us","technology","retail","michael-krasny"
2022,651,"Alexander Karp",1279108000,"technology",56,1,"us","technology","software firm","alexander-karp"
2022,652,"Tench Coxe",1279097000,"finance-investments",65,1,"us","finance-investments","venture capital","tench-coxe"
2022,653,"Anthony Wood",1277710000,"technology",58,1,"us","technology","Roku","anthony-wood"
2022,654,"John Goff",1274869000,"real-estate",69,1,"us","real-estate","real estate","john-goff"
2022,655,"Dan Wilks",1273542000,"energy",67,1,"us","energy","natural gas","dan-wilks"
2022,656,"Jay-Z",1270143000,"media-entertainment",54,1,"us","media-entertainment","Multiple","jay-z"
2022,657,"Mark & Robyn Jones",1266099000,"finance-investments","","","us","finance-investments","insurance","mark-robyn-jones"
2022,658,"George Pedersen",1264782000,"manufacturing",88,1,"us","manufacturing","defense contractor","george-pedersen"
2022,659,"Matt & Dan Walsh",1248648000,"construction-engineering","",1,"us","construction-engineering","construction","matt-dan-walsh"
2022,660,"Timothy Dunn",1244000000,"energy",68,1,"us","energy","Energy","timothy-dunn"
2022,661,"Duke Reyes",1240000000,"food-beverage",66,1,"us","food-beverage","beer distribution","duke-reyes"
2022,662,"George Sakellaris",1223371000,"energy",77,1,"us","energy","energy services","george-sakellaris"
2022,663,"J. Christopher Flowers",1216071000,"finance-investments",66,1,"us","finance-investments","investments","j-christopher-flowers"
2022,664,"Henry Engelhardt",1211751000,"finance-investments",65,1,"us","finance-investments","insurance","henry-engelhardt"
2022,665,"Lawrence Golub",1200000000,"finance-investments",64,1,"us","finance-investments","private equity","lawrence-golub"
2022,666,"Kevin Systrom",1198191000,"media-entertainment",40,1,"us","media-entertainment","Instagram","kevin-systrom"
2022,667,"Kevin Plank",1192005000,"fashion-retail",51,1,"us","fashion-retail","Under Armour","kevin-plank"
2022,668,"Weili Dai",1191557000,"technology",62,"","us","technology","semiconductors","weili-dai"
2022,669,"Michael Steinhardt",1186300000,"finance-investments",83,1,"us","finance-investments","hedge funds","michael-steinhardt"
2022,670,"A. Jayson Adair",1179270000,"automotive",54,1,"us","automotive","damaged cars","a-jayson-adair"
2022,671,"Patrizio Vinciarelli",1177921000,"technology",77,1,"us","technology","electronic components","patrizio-vinciarelli"
2022,672,"Jeffrey Lorberbaum",1173528000,"manufacturing",69,1,"us","manufacturing","flooring","jeffrey-lorberbaum"
2022,673,"Dean Solon",1172656000,"energy",59,1,"us","energy","solar systems","dean-solon"
2022,674,"Thomas Bailey",1166000000,"finance-investments",87,1,"us","finance-investments","money management","thomas-bailey"
2022,675,"Lloyd Blankfein",1161970000,"finance-investments",69,1,"us","finance-investments","banking","lloyd-blankfein"
2022,676,"Art Levinson",1160819000,"diversified",73,1,"us","diversified","Genentech;Apple","art-levinson"
2022,677,"J. Wayne Weaver",1151144000,"diversified",88,1,"us","diversified","Shoes","j-wayne-weaver"
2022,678,"Joe Kiani",1144630000,"healthcare",59,1,"us","healthcare","medical devices","joe-kiani"
2022,679,"Patrick Hanrahan",1144165000,"technology",68,1,"us","technology","software","patrick-hanrahan"
2022,680,"Benoit Dageville",1142540000,"technology",57,1,"us","technology","software","benoit-dageville"
2022,681,"Paul Fireman",1142000000,"fashion-retail",79,1,"us","fashion-retail","Reebok","paul-fireman"
2022,682,"Richard Hayne",1141848000,"fashion-retail",76,1,"us","fashion-retail","Urban Outfitters","richard-hayne"
2022,683,"Donald Friese",1140900000,"manufacturing",83,1,"us","manufacturing","manufacturing","donald-friese"
2022,684,"Robert Fisher",1140889000,"fashion-retail",70,1,"us","fashion-retail","Gap","robert-fisher"
2022,685,"Norma Lerner",1130049000,"finance-investments",87,"","us","finance-investments","banking","norma-lerner"
2022,686,"Anthony Casalena",1129438000,"technology",41,1,"us","technology","software","anthony-casalena"
2022,687,"Nancy Lerner",1122483000,"finance-investments",63,"","us","finance-investments","banking;credit cards","nancy-lerner"
2022,688,"Randolph Lerner",1121034000,"finance-investments",61,1,"us","finance-investments","banking;credit cards","randolph-lerner"
2022,689,"William Foley II",1103108000,"finance-investments",79,1,"us","finance-investments","financial services","william-foley-ii"
2022,690,"Frederic Luddy",1102162000,"technology",69,1,"us","technology","software","frederic-luddy"
2022,691,"Sehat Sutardja",1101951000,"technology",62,1,"us","technology","semiconductors","sehat-sutardja"
2022,692,"Forrest Preston",1101585000,"healthcare",90,1,"us","healthcare","health care","forrest-preston"
2022,693,"David Golub",1100000000,"finance-investments",61,1,"us","finance-investments","private equity","david-golub"
2022,694,"Jorge Mas",1087447000,"construction-engineering",60,1,"us","construction-engineering","Construction","jorge-mas"
2022,695,"Joseph Steinberg",1084614000,"finance-investments",79,1,"us","finance-investments","investments","joseph-steinberg"
2022,696,"Leonid Radvinsky",1074221000,"technology",41,1,"us","technology","e-commerce","leonid-radvinsky"
2022,697,"Tiger Woods",1067000000,"sports",48,1,"us","sports","Golf","tiger-woods"
2022,698,"Mark Rein",1062000000,"media-entertainment",60,1,"us","media-entertainment","video games","mark-rein"
2022,699,"Cameron Winklevoss",1058183000,"finance-investments",42,1,"us","finance-investments","cryptocurrency","cameron-winklevoss"
2022,700,"Tyler Winklevoss",1058155000,"finance-investments",42,1,"us","finance-investments","cryptocurrency","tyler-winklevoss"
2022,701,"William Fisher",1054248000,"fashion-retail",66,1,"us","fashion-retail","Gap","william-fisher"
2022,702,"Sara Blakely",1052150000,"fashion-retail",52,"","us","fashion-retail","Spanx","sara-blakely"
2022,703,"Paul Sciarra",1050272999,"media-entertainment",42,1,"us","media-entertainment","Pinterest","paul-sciarra"
2022,704,"LeBron James",1048500000,"sports",39,1,"us","sports","Basketball","lebron-james"
2022,705,"Richard Yuengling Jr",1045483000,"food-beverage",80,1,"us","food-beverage","beer","richard-yuengling-jr"
2022,706,"Jonathan Oringer",1038233999,"technology",49,1,"us","technology","stock photos","jonathan-oringer"
2022,707,"Sunjay Kapur",1023694000,"automotive",52,1,"us","automotive","auto parts","sunjay-kapur"
2022,708,"Scott Smith",1020000000,"technology",74,1,"us","technology","cloud computing","scott-smith-1"
2022,709,"Matthew Roszak",1019399000,"finance-investments",51,1,"us","finance-investments","cryptocurrency","matthew-roszak"
2022,710,"Larry Fink",1015950000,"finance-investments",71,1,"us","finance-investments","money management","larry-fink"
2022,711,"James Scapa",1012548000,"technology",66,1,"us","technology","software","james-scapa"
2022,712,"Ken Kendrick",1006000000,"sports",80,1,"us","sports","banking;sports team","ken-kendrick"
2022,713,"Neerja Sethi",1001800000,"technology",68,"","us","technology","IT consulting;outsourcing","neerja-sethi"
2022,714,"Tyler Perry",1001000000,"media-entertainment",54,1,"us","media-entertainment","movies;television","tyler-perry"
2022,715,"Alexandr Wang",1000000000,"technology",26,1,"us","technology","artificial intelligence","alexandr-wang"
2022,716,"Richard Kurtz",1000000000,"real estate",83,1,"us","","real estate","richard-kurtz"
2022,717,"Wilbur  'Ed' Bosarge Jr",1000000000,"finance-investments",84,1,"us","finance-investments","high speed trading","wilbur-ed-bosarge-jr"
2023,1,"Elon Musk",251317278000,"automotive",52,1,"us","automotive","Tesla;SpaceX","elon-musk"
2023,2,"Jeff Bezos",174201638000,"technology",59,1,"us","technology","Amazon","jeff-bezos"
2023,3,"Larry Ellison",135263491000,"technology",79,1,"us","technology","Oracle","larry-ellison"
2023,4,"Mark Zuckerberg",125258787000,"technology",39,1,"us","technology","Facebook","mark-zuckerberg"
2023,5,"Bill Gates",119613996000,"technology",68,1,"us","technology","Microsoft","bill-gates"
2023,6,"Warren Buffett",118583781000,"finance-investments",93,1,"us","finance-investments","Berkshire Hathaway","warren-buffett"
2023,7,"Larry Page",117224629000,"technology",50,1,"us","technology","Google","larry-page"
2023,8,"Sergey Brin",112447747000,"technology",50,1,"us","technology","Google","sergey-brin"
2023,9,"Steve Ballmer",112164893000,"technology",67,1,"us","technology","Microsoft","steve-ballmer"
2023,10,"Michael Bloomberg",96308000000,"finance-investments",81,1,"us","finance-investments","Bloomberg LP","michael-bloomberg"
2023,11,"Michael Dell",69449013000,"technology",58,1,"us","technology","Dell Technologies","michael-dell"
2023,12,"Jim Walton & family",66228213000,"fashion-retail",75,1,"us","fashion-retail","Walmart","jim-walton"
2023,13,"Rob Walton & family",65489847000,"fashion-retail",79,1,"us","fashion-retail","Walmart","rob-walton"
2023,14,"Alice Walton",61284114000,"fashion-retail",74,"","us","fashion-retail","Walmart","alice-walton"
2023,15,"Julia Koch & family",59260361000,"diversified",61,"","us","diversified","Koch Industries","julia-koch"
2023,16,"Charles Koch & family",53960361000,"diversified",88,1,"us","diversified","Koch Industries","charles-koch"
2023,17,"Jensen Huang",44138284000,"technology",60,1,"us","technology","Semiconductors","jensen-huang-1"
2023,18,"Phil Knight & family",42864079000,"fashion-retail",85,1,"us","fashion-retail","Nike","phil-knight"
2023,19,"MacKenzie Scott",40722577000,"technology",53,"","us","technology","Amazon","mackenzie-scott"
2023,20,"Stephen Schwarzman",38829776000,"finance-investments",76,1,"us","finance-investments","Investments","stephen-schwarzman"
2023,21,"Jacqueline Mars",38651829000,"food-beverage",84,"","us","food-beverage","Candy;pet food","jacqueline-mars"
2023,22,"John Mars",38651829000,"food-beverage",88,1,"us","food-beverage","Candy;pet food","john-mars"
2023,23,"Ken Griffin",37917666000,"finance-investments",55,1,"us","finance-investments","Hedge funds","ken-griffin"
2023,24,"Miriam Adelson & family",32938540999,"gambling-casinos",78,"","us","gambling-casinos","Casinos","miriam-adelson"
2023,25,"Len Blavatnik",31890623000,"diversified",66,1,"us","diversified","Music;chemicals","len-blavatnik"
2023,26,"Jim Simons",30700000000,"finance-investments",85,1,"us","finance-investments","Hedge funds","jim-simons"
2023,27,"Jeff Yass",28925000000,"finance-investments",65,1,"us","finance-investments","Trading;investments","jeff-yass"
2023,28,"Daniel Gilbert",28798560000,"finance-investments",61,1,"us","finance-investments","Quicken Loans","daniel-gilbert"
2023,29,"Abigail Johnson",28337727000,"finance-investments",62,"","us","finance-investments","Fidelity","abigail-johnson"
2023,30,"Thomas Peterffy",26583476000,"finance-investments",79,1,"us","finance-investments","Discount brokerage","thomas-peterffy"
2023,31,"Harold Hamm & family",25238800000,"energy",78,1,"us","energy","Oil & gas","harold-hamm"
2023,32,"Lukas Walton",23564406000,"fashion-retail",37,1,"us","fashion-retail","Walmart","lukas-walton"
2023,33,"John Menard Jr",22948044000,"fashion-retail",83,1,"us","fashion-retail","Home improvement stores","john-menard-jr"
2023,34,"Thomas Frist Jr & family",22387056000,"healthcare",85,1,"us","healthcare","Hospitals","thomas-frist-jr"
2023,35,"Rick Cohen & family",22217967000,"technology",71,1,"us","technology","Warehouse automation","rick-cohen"
2023,36,"Diane Hendricks",21298319000,"construction-engineering",76,"","us","construction-engineering","Building supplies","diane-hendricks"
2023,37,"David Tepper",20595000000,"finance-investments",66,1,"us","finance-investments","Hedge funds","david-tepper"
2023,38,"Eric Schmidt",20412551000,"technology",68,1,"us","technology","Google","eric-schmidt"
2023,39,"Steve Cohen",19819244000,"finance-investments",67,1,"us","finance-investments","Hedge funds","steve-cohen"
2023,40,"Donald Bren",18012128000,"real-estate",91,1,"us","real-estate","Real estate","donald-bren"
2023,41,"Rupert Murdoch & family",17947955000,"media-entertainment",92,1,"us","media-entertainment","Newspapers;TV network","rupert-murdoch"
2023,42,"Stanley Kroenke",15707500000,"sports",76,1,"us","sports","Sports;real estate","stanley-kroenke"
2023,43,"Jan Koum",15398875000,"technology",47,1,"us","technology","WhatsApp","jan-koum"
2023,44,"Ray Dalio",15359280000,"finance-investments",74,1,"us","finance-investments","Hedge funds","ray-dalio"
2023,45,"Andrew Beal",15133973000,"finance-investments",71,1,"us","finance-investments","Banks;real estate","andrew-beal"
2023,46,"Philip Anschutz",14960611000,"finance-investments",84,1,"us","finance-investments","Energy;sports;entertainment","philip-anschutz"
2023,47,"Leonard Lauder",14881021000,"fashion-retail",90,1,"us","fashion-retail","Estee Lauder","leonard-lauder"
2023,48,"David Duffield",14831094000,"technology",83,1,"us","technology","Business software","david-duffield"
2023,49,"Autry Stephens",14761314000,"energy",85,1,"us","energy","Oil","autry-stephens"
2023,50,"George Kaiser",14518954000,"energy",81,1,"us","energy","Oil & gas;banking","george-kaiser"
2023,51,"David Green & family",14391284000,"fashion-retail",82,1,"us","fashion-retail","Retail","david-green"
2023,52,"Jerry Jones",13833355000,"sports",81,1,"us","sports","Dallas Cowboys","jerry-jones"
2023,53,"Dustin Moskovitz",13769094000,"technology",39,1,"us","technology","Facebook","dustin-moskovitz"
2023,54,"Laurene Powell Jobs & family",13672063000,"technology",60,"","us","technology","Apple;Disney","laurene-powell-jobs"
2023,55,"Jay Chaudhry",12601466000,"technology",64,1,"us","technology","Security software","jay-chaudhry"
2023,56,"Jeffery Hildebrand",12600300000,"energy",64,1,"us","energy","Oil","jeffery-hildebrand"
2023,57,"Leon Black",12431852000,"finance-investments",72,1,"us","finance-investments","Private equity","leon-black"
2023,58,"Donald Newhouse",12367546000,"media-entertainment",94,1,"us","media-entertainment","Media","donald-newhouse"
2023,59,"Henry Samueli",12342808000,"technology",69,1,"us","technology","Semiconductors","henry-samueli"
2023,60,"Shahid Khan",11972729000,"automotive",73,1,"us","automotive","Auto parts","shahid-khan"
2023,61,"Israel Englander",11775800000,"finance-investments",75,1,"us","finance-investments","Hedge funds","israel-englander"
2023,62,"Edward Johnson IV",11535451000,"finance-investments",59,1,"us","finance-investments","Fidelity","edward-johnson-iv"
2023,63,"Michael Rubin",11474000000,"fashion-retail",51,1,"us","fashion-retail","Online retail","michael-rubin"
2023,64,"Christy Walton",11463253000,"fashion-retail",74,"","us","fashion-retail","Walmart","christy-walton"
2023,65,"Bubba Cathy",11450249000,"food-beverage",69,1,"us","food-beverage","Chick-fil-A","bubba-cathy"
2023,66,"Dan Cathy",11450249000,"food-beverage",70,1,"us","food-beverage","Chick-fil-A","dan-cathy"
2023,67,"Trudy Cathy White",11450249000,"food-beverage",68,"","us","food-beverage","Chick-fil-A","trudy-cathy-white"
2023,68,"George Roberts",11395647000,"finance-investments",80,1,"us","finance-investments","Private equity","george-roberts"
2023,69,"John Tu",11383712000,"technology",82,1,"us","technology","Computer hardware","john-tu"
2023,70,"David Sun",11356196000,"technology",72,1,"us","technology","Computer hardware","david-sun"
2023,71,"John Doerr",11208735000,"technology",72,1,"us","technology","Venture capital","john-doerr"
2023,72,"Robert Kraft",11145900000,"sports",82,1,"us","sports","Manufacturing;New England Patriots","robert-kraft"
2023,73,"Eric Smidt",10733364000,"fashion-retail",64,1,"us","fashion-retail","Hardware stores","eric-smidt"
2023,74,"Melinda French Gates",10619390000,"technology",59,"","us","technology","Microsoft","melinda-french-gates"
2023,75,"Henry Nicholas III",10464995000,"technology",64,1,"us","technology","Semiconductors","henry-nicholas-iii"
2023,76,"Henry Kravis",10447221000,"finance-investments",80,1,"us","finance-investments","Private equity","henry-kravis"
2023,77,"Judy Love & family",10204275000,"fashion-retail",86,"","us","fashion-retail","Gas stations","judy-love"
2023,78,"Stephen Ross",10082896000,"real-estate",83,1,"us","real-estate","Real estate","stephen-ross"
2023,79,"John Malone",9968787000,"media-entertainment",82,1,"us","media-entertainment","Cable television","john-malone"
2023,80,"Charles Schwab",9947982000,"finance-investments",86,1,"us","finance-investments","Discount brokerage","charles-schwab"
2023,81,"Carl Cook",9878380000,"healthcare",61,1,"us","healthcare","Medical devices","carl-cook"
2023,82,"Elizabeth Johnson",9672949000,"finance-investments",60,"","us","finance-investments","Fidelity","elizabeth-johnson"
2023,83,"Marijke Mars",9667953000,"food-beverage",59,"","us","food-beverage","Candy;pet food","marijke-mars"
2023,84,"Pamela Mars",9667953000,"food-beverage",63,"","us","food-beverage","Candy;pet food","pamela-mars"
2023,85,"Valerie Mars",9667953000,"food-beverage",64,"","us","food-beverage","Candy;pet food","valerie-mars"
2023,86,"Victoria Mars",9667953000,"food-beverage",67,"","us","food-beverage","Candy;pet food","victoria-mars"
2023,87,"Bernard Marcus",9610923000,"fashion-retail",94,1,"us","fashion-retail","Home Depot","bernard-marcus"
2023,88,"Michael Kim",9586650000,"finance-investments",60,1,"us","finance-investments","Private equity","michael-kim"
2023,89,"Antony Ressler",9530581000,"finance-investments",63,1,"us","finance-investments","Finance","antony-ressler"
2023,90,"Marc Benioff",9453862000,"technology",59,1,"us","technology","Business software","marc-benioff"
2023,91,"James Goodnight",9410294000,"technology",81,1,"us","technology","Software","james-goodnight"
2023,92,"Brian Chesky",9331308000,"technology",42,1,"us","technology","Airbnb","brian-chesky"
2023,93,"Tilman Fertitta",9265448000,"food-beverage",66,1,"us","food-beverage","Entertainment;Houston Rockets","tilman-fertitta"
2023,94,"Ann Walton Kroenke",9226481000,"fashion-retail",75,"","us","fashion-retail","Walmart","ann-walton-kroenke"
2023,95,"Robert F. Smith",9216000000,"finance-investments",61,1,"us","finance-investments","Private equity","robert-f-smith"
2023,96,"Patrick Ryan",9125286000,"finance-investments",86,1,"us","finance-investments","Insurance","patrick-ryan"
2023,97,"Harry Stine",9114448000,"food-beverage",82,1,"us","food-beverage","Agriculture","harry-stine"
2023,98,"Tom Gores",9077000000,"finance-investments",59,1,"us","finance-investments","Private equity","tom-gores"
2023,99,"Nancy Walton Laurie",9045703000,"fashion-retail",72,"","us","fashion-retail","Walmart","nancy-walton-laurie"
2023,100,"J. Christopher Reyes",9032000000,"food-beverage",70,1,"us","food-beverage","Food distribution","j-christopher-reyes"
2023,101,"Jude Reyes",9032000000,"food-beverage",68,1,"us","food-beverage","Food distribution","jude-reyes"
2023,102,"Jack Dangermond",8994244000,"technology",78,1,"us","technology","Mapping software","jack-dangermond"
2023,103,"Ramzi Musallam",8976000000,"finance-investments",55,1,"us","finance-investments","Private equity","ramzi-musallam"
2023,104,"Nathan Blecharczyk",8878406000,"technology",40,1,"us","technology","Airbnb","nathan-blecharczyk"
2023,105,"Jimmy Haslam",8719143000,"fashion-retail",69,1,"us","fashion-retail","Gas stations;retail","jimmy-haslam"
2023,106,"Orlando Bravo",8690000000,"finance-investments",53,1,"us","finance-investments","Private equity","orlando-bravo"
2023,107,"Robert Rowling",8512757000,"service",70,1,"us","service","Hotels;investments","robert-rowling"
2023,108,"John Morris",8480555000,"fashion-retail",75,1,"us","fashion-retail","Sporting goods retail","john-morris"
2023,109,"Joe Gebbia",8411094999,"technology",42,1,"us","technology","Airbnb","joe-gebbia"
2023,110,"Pauline MacMillan Keinath",8394499000,"food-beverage",90,"","us","food-beverage","Cargill","pauline-macmillan-keinath"
2023,111,"David Shaw",8349000000,"finance-investments",72,1,"us","finance-investments","Hedge funds","david-shaw"
2023,112,"Mat Ishbia",8257564000,"finance-investments",44,1,"us","finance-investments","Mortgage lender","mat-ishbia"
2023,113,"Elisabeth DeLuca & family",8212000000,"food-beverage",76,"","us","food-beverage","Subway","elisabeth-deluca"
2023,114,"Ralph Lauren",8153022000,"fashion-retail",84,1,"us","fashion-retail","Apparel","ralph-lauren"
2023,115,"Leonard Stern",8139078000,"real-estate",85,1,"us","real-estate","Real estate","leonard-stern"
2023,116,"Paul Tudor Jones II",8112000000,"finance-investments",69,1,"us","finance-investments","Hedge funds","paul-tudor-jones-ii"
2023,117,"Arthur Blank",8094985000,"sports",81,1,"us","sports","Home Depot","arthur-blank"
2023,118,"Ken Fisher",8089288000,"finance-investments",73,1,"us","finance-investments","Money management","ken-fisher"
2023,119,"David Geffen",8074934000,"media-entertainment",80,1,"us","media-entertainment","Movies;record labels","david-geffen"
2023,120,"Tamara Gustavson",8031819000,"service",62,"","us","service","Self storage","tamara-gustavson"
2023,121,"Josh Harris",7806564000,"finance-investments",59,1,"us","finance-investments","Private equity","josh-harris"
2023,122,"Judy Faulkner",7755947000,"technology",80,"","us","technology","Healthcare software","judy-faulkner"
2023,123,"Bruce Kovner",7748400000,"finance-investments",78,1,"us","finance-investments","Hedge funds","bruce-kovner"
2023,124,"Steven Rales",7743052000,"manufacturing",72,1,"us","manufacturing","Manufacturing;investments","steven-rales"
2023,125,"Igor Olenicoff",7742647000,"real-estate",81,1,"us","real-estate","Real estate","igor-olenicoff"
2023,126,"Richard Kinder",7716515000,"energy",79,1,"us","energy","Pipelines","richard-kinder"
2023,127,"Charles Butt",7648568000,"fashion-retail",85,1,"us","fashion-retail","Supermarkets","charles-butt"
2023,128,"Brian Armstrong",7633850000,"finance-investments",40,1,"us","finance-investments","Cryptocurrency","brian-armstrong"
2023,129,"Rocco Commisso",7622230000,"telecom",74,1,"us","telecom","Telecom","rocco-commisso"
2023,130,"David Steward",7612000000,"technology",72,1,"us","technology","IT provider","david-steward"
2023,131,"Ken Langone",7588314000,"finance-investments",88,1,"us","finance-investments","Investments","ken-langone"
2023,132,"Jonathan Gray",7582117000,"finance-investments",53,1,"us","finance-investments","Investments","jonathan-gray"
2023,133,"Jeff Greene",7513173000,"real-estate",69,1,"us","real-estate","Real estate;investments","jeff-greene"
2023,134,"Edward Roski Jr",7491028000,"real-estate",85,1,"us","real-estate","Real estate","edward-roski-jr"
2023,135,"Randa Duncan Williams",7374156000,"energy",62,"","us","energy","Pipelines","randa-duncan-williams"
2023,136,"Robert Pera",7370110000,"technology",45,1,"us","technology","Wireless networking","robert-pera"
2023,137,"Don Hankey",7363300000,"finance-investments",80,1,"us","finance-investments","Auto loans","don-hankey"
2023,138,"Dannine Avara",7343331000,"energy",59,"","us","energy","Pipelines","dannine-avara"
2023,139,"Milane Frantz",7330713000,"energy",54,"","us","energy","Pipelines","milane-frantz"
2023,140,"Scott Duncan",7330713000,"energy",41,1,"us","energy","Pipelines","scott-duncan"
2023,141,"Stephen Bisciotti",7329355000,"sports",63,1,"us","sports","Staffing;Baltimore Ravens","stephen-bisciotti"
2023,142,"Arthur Dantchik",7328000000,"finance-investments",66,1,"us","finance-investments","Trading;investments","arthur-dantchik"
2023,143,"David Siegel",7307000000,"finance-investments",62,1,"us","finance-investments","Hedge funds","david-siegel-1"
2023,144,"John Overdeck",7307000000,"finance-investments",54,1,"us","finance-investments","Hedge funds","john-overdeck"
2023,145,"Robert Rich Jr",7245376000,"food-beverage",82,1,"us","food-beverage","Frozen foods","robert-rich-jr"
2023,146,"Ernest Garcia II",7226361000,"automotive",66,1,"us","automotive","Used cars","ernest-garcia-ii"
2023,147,"Ray Lee Hunt",7193147000,"energy",80,1,"us","energy","Oil;real estate","ray-lee-hunt"
2023,148,"Douglas Leone",7171619000,"finance-investments",66,1,"us","finance-investments","Venture capital","douglas-leone"
2023,149,"Ronda Stryker",7118057000,"healthcare",69,"","us","healthcare","Medical equipment","ronda-stryker"
2023,150,"Reinhold Schmieding",7093658000,"healthcare",69,1,"us","healthcare","Medical devices","reinhold-schmieding"
2023,151,"Dennis Washington",7072684000,"logistics",89,1,"us","logistics","Construction;mining","dennis-washington"
2023,152,"Edythe Broad & family",6961350000,"diversified",88,"","us","diversified","Homebuilding;insurance","edythe-broad"
2023,153,"Leo Koguan",6949014000,"technology",68,1,"us","technology","IT provider","leo-koguan"
2023,154,"Li Ge",6928039000,"healthcare",57,1,"us","healthcare","Pharmaceutical ingredients","li-ge"
2023,155,"Charles Simonyi",6882635000,"technology",75,1,"us","technology","Microsoft","charles-simonyi"
2023,156,"Vinod Khosla",6813412000,"technology",68,1,"us","technology","Venture capital","vinod-khosla"
2023,157,"Terrence Pegula",6808916000,"energy",72,1,"us","energy","Natural gas","terrence-pegula"
2023,158,"George Soros",6706000000,"finance-investments",93,1,"us","finance-investments","Hedge funds","george-soros"
2023,159,"Lynsi Snyder",6664500000,"food-beverage",41,"","us","food-beverage","In-N-Out Burger","lynsi-snyder"
2023,160,"Bert Beveridge",6600311000,"food-beverage",62,1,"us","food-beverage","Vodka","bert-beveridge"
2023,161,"Annette Lerner & family",6579071000,"real-estate",93,"","us","real-estate","Real estate","annette-lerner"
2023,162,"Blair Parry-Okeden",6529467000,"media-entertainment",73,"","us","media-entertainment","Media;automotive","blair-parry-okeden"
2023,163,"Jim Kennedy",6525067000,"media-entertainment",76,1,"us","media-entertainment","Media;automotive","jim-kennedy"
2023,164,"John Brown",6513301000,"healthcare",89,1,"us","healthcare","Medical equipment","john-brown"
2023,165,"Michael Milken",6500000000,"finance-investments",77,1,"us","finance-investments","Investments","michael-milken"
2023,166,"Gary Rollins",6429991000,"service",79,1,"us","service","Pest control","gary-rollins"
2023,167,"Pierre Omidyar",6360844000,"technology",56,1,"us","technology","EBay;PayPal","pierre-omidyar"
2023,168,"Don Vultaggio & family",6286133000,"food-beverage",71,1,"us","food-beverage","Beverages","don-vultaggio"
2023,169,"David Bonderman",6282106000,"finance-investments",81,1,"us","finance-investments","Private equity","david-bonderman"
2023,170,"Karen Pritzker",6280348000,"finance-investments",66,"","us","finance-investments","Hotels;investments","karen-pritzker"
2023,171,"Micky Arison",6273469000,"service",74,1,"us","service","Carnival Cruises","micky-arison"
2023,172,"Peter Thiel",6252264000,"finance-investments",56,1,"us","finance-investments","Facebook;investments","peter-thiel"
2023,173,"Scott Cook",6223731000,"technology",71,1,"us","technology","Software","scott-cook"
2023,174,"Thomas Hagen",6186705000,"finance-investments",88,1,"us","finance-investments","Insurance","thomas-hagen"
2023,175,"Neil Bluhm",6176477000,"real-estate",85,1,"us","real-estate","Real estate","neil-bluhm"
2023,176,"Mark Cuban",6169140000,"media-entertainment",65,1,"us","media-entertainment","Online media;Dallas Mavericks","mark-cuban"
2023,177,"Daniel Ziff",6165308000,"finance-investments",52,1,"us","finance-investments","Investments","daniel-ziff"
2023,178,"Dirk Ziff",6165308000,"finance-investments",59,1,"us","finance-investments","Investments","dirk-ziff"
2023,179,"Robert Ziff",6165000000,"finance-investments",57,1,"us","finance-investments","Investments","robert-ziff"
2023,180,"Stanley Druckenmiller",6154000000,"finance-investments",70,1,"us","finance-investments","Hedge funds","stanley-druckenmiller"
2023,181,"Joe Mansueto",6151966000,"finance-investments",67,1,"us","finance-investments","Investment research","joe-mansueto"
2023,182,"Philippe Laffont",6134500000,"finance-investments",56,1,"us","finance-investments","Hedge fund","philippe-laffont"
2023,183,"Paul Singer",6129000000,"finance-investments",79,1,"us","finance-investments","Hedge funds","paul-singer"
2023,184,"Gayle Benson",6109507000,"sports",76,"","us","sports","New Orleans Saints","gayle-benson"
2023,185,"Thomas Pritzker",6056169000,"finance-investments",73,1,"us","finance-investments","Hotels;investments","thomas-pritzker"
2023,186,"Dan Friedkin",6053679000,"automotive",58,1,"us","automotive","Toyota dealerships","dan-friedkin"
2023,187,"Todd Boehly",6050674000,"finance-investments",50,1,"us","finance-investments","Finance","todd-boehly"
2023,188,"Ty Warner",6036190000,"real-estate",79,1,"us","real-estate","Plush toys;real estate","ty-warner"
2023,189,"Les Wexner & family",6022817000,"fashion-retail",86,1,"us","fashion-retail","Retail","les-wexner"
2023,190,"Patrick Soon-Shiong",6008099000,"healthcare",71,1,"us","healthcare","Pharmaceuticals","patrick-soon-shiong"
2023,191,"William Goldring & family",6000000000,"food-beverage",80,1,"us","food-beverage","alcohol","william-goldring"
2023,192,"John A. Sobrato & family",5999495000,"real-estate",84,1,"us","real-estate","Real estate","john-a-sobrato"
2023,193,"Marc Rowan",5917069000,"finance-investments",61,1,"us","finance-investments","Private equity","marc-rowan"
2023,194,"Mark Walter",5897291000,"finance-investments",63,1,"us","finance-investments","Finance;asset management","mark-walter"
2023,195,"Donald Horton & family",5811281000,"real-estate",73,1,"us","real-estate","Homebuilding","donald-horton"
2023,196,"Robert Faith",5797755000,"real-estate",60,1,"us","real-estate","Real estate management","robert-faith"
2023,197,"Denise York & family",5751536000,"sports",73,"","us","sports","San Francisco 49ers","denise-york"
2023,198,"Fred Smith",5714511000,"logistics",79,1,"us","logistics","FedEx","fred-smith-1"
2023,199,"Chase Coleman III",5667500000,"finance-investments",48,1,"us","finance-investments","Investments","chase-coleman-iii"
2023,200,"Bill Haslam",5656719000,"fashion-retail",65,1,"us","fashion-retail","Gas stations","bill-haslam"
2023,201,"Kelcy Warren",5636849000,"energy",68,1,"us","energy","Pipelines","kelcy-warren"
2023,202,"Jim Davis & family",5623138000,"manufacturing",80,1,"us","manufacturing","New Balance","jim-davis"
2023,203,"Janice McNair",5614575000,"sports",87,"","us","sports","Energy;sports","janice-mcnair"
2023,204,"Carl Icahn",5608755000,"finance-investments",87,1,"us","finance-investments","Investments","carl-icahn"
2023,205,"Mark Stevens",5600711000,"finance-investments",63,1,"us","finance-investments","Venture capital","mark-stevens"
2023,206,"Lynda Resnick",5578000000,"food-beverage",80,"","us","food-beverage","Agriculture","lynda-resnick"
2023,207,"Stewart Resnick",5578000000,"food-beverage",87,1,"us","food-beverage","Agriculture","stewart-resnick"
2023,208,"Tom Golisano",5518437000,"service",82,1,"us","service","Payroll services","tom-golisano"
2023,209,"Charles B. Johnson",5500359000,"finance-investments",91,1,"us","finance-investments","Franklin Templeton","charles-b-johnson"
2023,210,"Lin Bin",5470475000,"technology",55,1,"us","technology","Smartphones","lin-bin"
2023,211,"Robert Hale Jr",5437000000,"telecom",57,1,"us","telecom","Telecom","robert-hale-jr"
2023,212,"Michael Moritz",5402865000,"technology",69,1,"us","technology","Venture capital","michael-moritz"
2023,213,"Mark Meijer & family",5377560000,"fashion-retail",66,1,"us","fashion-retail","Supermarkets","mark-meijer"
2023,214,"Hank Meijer & family",5374760000,"fashion-retail",71,1,"us","fashion-retail","Supermarkets","hank-meijer"
2023,215,"Doug Meijer & family",5374744000,"fashion-retail",69,1,"us","fashion-retail","Supermarkets","doug-meijer"
2023,216,"Archie Aldis Emmerson & family",5346292000,"manufacturing",94,1,"us","manufacturing","Timberland;lumber mills","archie-aldis-emmerson"
2023,217,"Thai Lee",5286149000,"technology",65,"","us","technology","IT provider","thai-lee"
2023,218,"Rick Caruso",5275642000,"real-estate",65,1,"us","real-estate","Real estate","rick-caruso"
2023,219,"Ron Baron",5262431000,"finance-investments",80,1,"us","finance-investments","Money management","ron-baron"
2023,220,"Rakesh Gangwal",5261483000,"service",70,1,"us","service","Airline","rakesh-gangwal"
2023,221,"Dagmar Dolby & family",5252600000,"technology",82,"","us","technology","Dolby Laboratories","dagmar-dolby"
2023,222,"Robert Bass",5233763000,"energy",75,1,"us","energy","Oil;investments","robert-bass"
2023,223,"Mark Shoen",5227338000,"automotive",73,1,"us","automotive","U-Haul","mark-shoen"
2023,224,"Gwendolyn Sontheim Meyer",5211036000,"food-beverage",62,"","us","food-beverage","Cargill","gwendolyn-sontheim-meyer"
2023,225,"Dan Kurzius",5176401000,"technology",52,1,"us","technology","Email marketing","dan-kurzius"
2023,226,"Ronald Wanek",5142704000,"manufacturing",82,1,"us","manufacturing","Furniture","ronald-wanek"
2023,227,"John Henry",5134965000,"sports",74,1,"us","sports","Sports","john-henry"
2023,228,"Romesh T. Wadhwani",5134122000,"technology",76,1,"us","technology","Software","romesh-t-wadhwani"
2023,229,"Joseph Liemandt",5131105000,"technology",55,1,"us","technology","Software","joseph-liemandt"
2023,230,"Sami Mnaymneh",5108000000,"finance-investments",62,1,"us","finance-investments","Private equity","sami-mnaymneh"
2023,231,"Tony Tamer",5108000000,"finance-investments",66,1,"us","finance-investments","Private equity","tony-tamer"
2023,232,"George Lucas",5067991000,"media-entertainment",79,1,"us","media-entertainment","Star Wars","george-lucas"
2023,233,"Elizabeth Uihlein",5041346000,"manufacturing",78,"","us","manufacturing","Packaging materials","elizabeth-uihlein"
2023,234,"Richard Uihlein",5041346000,"manufacturing",78,1,"us","manufacturing","Packaging materials","richard-uihlein"
2023,235,"Min Kao & family",4999964000,"technology",74,1,"us","technology","Navigation equipment","min-kao"
2023,236,"Thomas Secunda",4923000000,"finance-investments",69,1,"us","finance-investments","Bloomberg LP","thomas-secunda"
2023,237,"Herbert Wertheim",4876272000,"finance-investments",84,1,"us","finance-investments","Investments","herbert-wertheim"
2023,238,"Ben Chestnut",4867422000,"technology",49,1,"us","technology","Email marketing","ben-chestnut"
2023,239,"Margot Birmingham Perot",4862602000,"technology",90,"","us","technology","Computer services;real estate","margot-birmingham-perot"
2023,240,"Arturo Moreno",4861988000,"sports",77,1,"us","sports","Billboards;Los Angeles Angels","arturo-moreno"
2023,241,"Trevor Rees-Jones",4860129000,"energy",72,1,"us","energy","Oil & gas","trevor-rees-jones"
2023,242,"Charles Dolan & family",4857089000,"media-entertainment",97,1,"us","media-entertainment","Cable television","charles-dolan"
2023,243,"Johnelle Hunt",4851435000,"logistics",92,"","us","logistics","Trucking","johnelle-hunt"
2023,244,"Russ Weiner",4807000000,"food-beverage",53,1,"us","food-beverage","Energy drinks","russ-weiner"
2023,245,"Steven Spielberg",4805483000,"media-entertainment",77,1,"us","media-entertainment","Movies","steven-spielberg"
2023,246,"Austen Cargill II",4789491000,"food-beverage",72,1,"us","food-beverage","Cargill","austen-cargill-ii"
2023,247,"Marianne Liebmann",4789491000,"food-beverage",70,"","us","food-beverage","Cargill","marianne-liebmann"
2023,248,"Jack Dorsey",4760686000,"technology",47,1,"us","technology","Twitter;Square","jack-dorsey"
2023,249,"Jon Stryker",4753899000,"healthcare",65,1,"us","healthcare","Medical equipment","jon-stryker"
2023,250,"Herb Simon",4740564000,"real-estate",89,1,"us","real-estate","Real estate","herb-simon"
2023,251,"Helen Johnson-Leipold",4722826000,"manufacturing",67,"","us","manufacturing","Cleaning products","helen-johnson-leipold"
2023,252,"Jim Kavanaugh",4707000000,"technology",61,1,"us","technology","IT provider","jim-kavanaugh"
2023,253,"Reed Hastings",4675593000,"technology",63,1,"us","technology","Netflix","reed-hastings"
2023,254,"Winifred J. Marquart",4664972000,"manufacturing",64,"","us","manufacturing","Cleaning products","winifred-j-marquart"
2023,255,"H. Fisk Johnson",4658745000,"manufacturing",65,1,"us","manufacturing","Cleaning products","h-fisk-johnson"
2023,256,"Jean (Gigi) Pritzker",4654539000,"service",61,"","us","service","Hotels;investments","jean-gigi-pritzker"
2023,257,"John Sall",4648521000,"technology",75,1,"us","technology","Software","john-sall"
2023,258,"Jeffrey Lurie & family",4646000000,"sports",72,1,"us","sports","Philadelphia Eagles","jeffrey-lurie"
2023,259,"Ronald Lauder",4640974000,"fashion-retail",79,1,"us","fashion-retail","Estee Lauder","ronald-lauder"
2023,260,"Jim Davis",4640125000,"service",63,1,"us","service","Staffing & recruiting","jim-davis-1"
2023,261,"S. Curtis Johnson",4639812000,"manufacturing",68,1,"us","manufacturing","Cleaning products","s-curtis-johnson"
2023,262,"W. Herbert Hunt",4627777000,"energy",94,1,"us","energy","Oil","w-herbert-hunt"
2023,263,"Rupert Johnson Jr",4619149000,"finance-investments",83,1,"us","finance-investments","Franklin Templeton","rupert-johnson-jr"
2023,264,"Wesley Edens",4576419000,"finance-investments",62,1,"us","finance-investments","Investments","wesley-edens"
2023,265,"E. Joe Shoen",4565461000,"automotive",74,1,"us","automotive","U-Haul","e-joe-shoen"
2023,266,"Jeff Rothschild",4533414000,"technology",69,1,"us","technology","Facebook","jeff-rothschild"
2023,267,"Stephen Feinberg",4508096000,"finance-investments",63,1,"us","finance-investments","Private equity","stephen-feinberg"
2023,268,"Lynn Schusterman & family",4500000000,"energy",84,"","us","energy","Oil & gas;investments","lynn-schusterman"
2023,269,"Mitchell Rales",4465621000,"manufacturing",67,1,"us","manufacturing","Manufacturing;investments","mitchell-rales"
2023,270,"Jim Coulter",4421656000,"finance-investments",64,1,"us","finance-investments","Private equity","jim-coulter"
2023,271,"Eric Yuan & family",4403624000,"technology",53,1,"us","technology","Zoom Video Communications","eric-yuan"
2023,272,"Jeff Skoll",4363957000,"technology",58,1,"us","technology","EBay","jeff-skoll"
2023,273,"James Irsay",4345000000,"sports",64,1,"us","sports","Indianapolis Colts","james-irsay"
2023,274,"James Chambers",4336303000,"media-entertainment",66,1,"us","media-entertainment","Media;automotive","james-chambers"
2023,275,"Margaretta Taylor",4335653000,"media-entertainment",81,"","us","media-entertainment","Media;automotive","margaretta-taylor"
2023,276,"Katharine Rayner",4331303000,"media-entertainment",78,"","us","media-entertainment","Media;automotive","katharine-rayner"
2023,277,"Eric Lefkofsky",4316968000,"technology",54,1,"us","technology","Groupon;investments","eric-lefkofsky"
2023,278,"Nick Caporella",4311583000,"food-beverage",87,1,"us","food-beverage","Beverages","nick-caporella"
2023,279,"Jeremy Jacobs Sr & family",4296693000,"service",83,1,"us","service","Food service","jeremy-jacobs-sr"
2023,280,"Gabe Newell",4287000000,"gambling-casinos",61,1,"us","gambling-casinos","Videogames","gabe-newell"
2023,281,"John Catsimatidis",4266000000,"energy",75,1,"us","energy","Oil;real estate","john-catsimatidis"
2023,282,"Barry Diller",4265584000,"media-entertainment",81,1,"us","media-entertainment","Online media","barry-diller"
2023,283,"Martha Ingram & family",4255144000,"media-entertainment",88,"","us","media-entertainment","Book distribution;transportation","martha-ingram"
2023,284,"Hamilton James & family",4224854000,"finance-investments",72,1,"us","finance-investments","Investments","hamilton-james"
2023,285,"Ken Xie",4203252999,"technology",60,1,"us","technology","Cybersecurity","ken-xie"
2023,286,"Maggie Hardy",4148457000,"service",58,"","us","service","Building materials","maggie-hardy"
2023,287,"Isaac Perlmutter",4113939999,"media-entertainment",81,1,"us","media-entertainment","Marvel comics","isaac-perlmutter"
2023,288,"Steven Udvar-Hazy",4106013000,"service",77,1,"us","service","Aircraft leasing","steven-udvar-hazy"
2023,289,"Peter Kellogg",4101616000,"finance-investments",81,1,"us","finance-investments","Investments","peter-kellogg"
2023,290,"William Ackman",4097764000,"finance-investments",57,1,"us","finance-investments","Hedge funds","william-ackman"
2023,291,"Dan Snyder",4069200000,"sports",59,1,"us","sports","Washington Commanders","dan-snyder"
2023,292,"Tim Sweeney",4058000000,"media-entertainment",53,1,"us","media-entertainment","Video games","tim-sweeney"
2023,293,"Jeff T. Green",4051855000,"media-entertainment",46,1,"us","media-entertainment","Digital advertising","jeff-t-green"
2023,294,"Donald Sterling",4036647000,"real-estate",89,1,"us","real-estate","Real estate","donald-sterling"
2023,295,"Daniel D'Aniello",4036389000,"finance-investments",77,1,"us","finance-investments","Private equity","daniel-daniello"
2023,296,"Roger Penske",4005275000,"automotive",86,1,"us","automotive","Cars","roger-penske"
2023,297,"Marian Ilitch",3995400000,"food-beverage",91,"","us","food-beverage","Little Caesars Pizza","marian-ilitch"
2023,298,"William Berkley",3982368000,"finance-investments",77,1,"us","finance-investments","Insurance","william-berkley"
2023,299,"Sanjit Biswas",3953108000,"technology",41,1,"us","technology","Sensor systems","sanjit-biswas"
2023,300,"Richard Schulze",3885466000,"fashion-retail",83,1,"us","fashion-retail","Best Buy","richard-schulze"
2023,301,"Gail Miller",3881017000,"automotive",80,"","us","automotive","Car dealerships","gail-miller"
2023,302,"J. Joe Ricketts & family",3867358000,"finance-investments",82,1,"us","finance-investments","TD Ameritrade","j-joe-ricketts"
2023,303,"Thomas Siebel",3863635000,"technology",71,1,"us","technology","Business software","thomas-siebel"
2023,304,"Joseph Grendys",3843319000,"food-beverage",62,1,"us","food-beverage","Poultry processing","joseph-grendys"
2023,305,"Evan Spiegel",3838747000,"technology",33,1,"us","technology","Snapchat","evan-spiegel"
2023,306,"John Bicket",3822759000,"technology",43,1,"us","technology","Sensor systems","john-bicket"
2023,307,"Barry Sternlicht",3821726000,"finance-investments",63,1,"us","finance-investments","Private equity","barry-sternlicht"
2023,308,"Vincent Viola",3782996000,"finance-investments",67,1,"us","finance-investments","Electronic trading","vincent-viola"
2023,309,"Brad Jacobs",3780241000,"logistics",67,1,"us","logistics","Logistics","brad-jacobs"
2023,310,"Jose E. Feliciano",3772000000,"finance-investments",50,1,"us","finance-investments","Private equity","jose-e-feliciano"
2023,311,"Behdad Eghbali",3751500000,"finance-investments",47,1,"us","finance-investments","Private equity","behdad-eghbali"
2023,312,"David Rubenstein",3747168000,"finance-investments",74,1,"us","finance-investments","Private equity","david-rubenstein"
2023,313,"Anthony Pritzker",3736000000,"service",63,1,"us","service","Hotels;investments","anthony-pritzker"
2023,314,"James Clark",3733467000,"technology",79,1,"us","technology","Netscape;investments","james-clark"
2023,315,"Mary Alice Dorrance Malone",3729634000,"food-beverage",73,"","us","food-beverage","Campbell Soup","mary-alice-dorrance-malone"
2023,316,"H. Ross Perot Jr",3721227000,"real-estate",65,1,"us","real-estate","Real estate","h-ross-perot-jr"
2023,317,"John Middleton",3687600000,"food-beverage",68,1,"us","food-beverage","Tobacco","john-middleton"
2023,318,"Jay Paul",3671648000,"real-estate",76,1,"us","real-estate","Real estate","jay-paul"
2023,319,"Hayes Barnard",3669000000,"finance-investments",51,1,"us","finance-investments","Fintech","hayes-barnard"
2023,320,"Jon Yarbrough",3645210000,"gambling-casinos",66,1,"us","gambling-casinos","Video games","jon-yarbrough"
2023,321,"Sid Bass",3637310000,"energy",81,1,"us","energy","Oil;investments","sid-bass"
2023,322,"Bobby Murphy",3636438000,"technology",35,1,"us","technology","Snapchat","bobby-murphy"
2023,323,"Steven Klinsky",3610664000,"finance-investments",67,1,"us","finance-investments","Investments","steven-klinsky"
2023,324,"Bob Parsons",3607000000,"technology",73,1,"us","technology","Web hosting","bob-parsons"
2023,325,"Ira Rennert",3606000000,"finance-investments",89,1,"us","finance-investments","Investments","ira-rennert"
2023,326,"Josh Kushner",3604800000,"finance-investments",38,1,"us","finance-investments","Venture capital","josh-kushner"
2023,327,"Daniel Och",3597649000,"finance-investments",62,1,"us","finance-investments","Hedge funds","daniel-och"
2023,328,"Rajiv Jain",3597452000,"finance-investments",55,1,"us","finance-investments","Finance","rajiv-jain"
2023,329,"Rodger Riney & family",3585782000,"finance-investments",78,1,"us","finance-investments","Discount brokerage","rodger-riney"
2023,330,"Richard LeFrak & family",3578606000,"real-estate",78,1,"us","real-estate","Real estate","richard-lefrak"
2023,331,"George Kurtz",3568408000,"technology",53,1,"us","technology","Security software","george-kurtz"
2023,332,"Travis Kalanick",3565613000,"technology",47,1,"us","technology","Uber","travis-kalanick"
2023,333,"William Conway Jr",3563066000,"finance-investments",74,1,"us","finance-investments","Private equity","william-conway-jr"
2023,334,"Charles Zegar",3538000000,"finance-investments",75,1,"us","finance-investments","Bloomberg LP","charles-zegar"
2023,335,"Michael Xie",3522718000,"technology",54,1,"us","technology","Cybersecurity","michael-xie"
2023,336,"Amos Hostetter Jr",3514360000,"media-entertainment",86,1,"us","media-entertainment","Cable television","amos-hostetter-jr"
2023,337,"Penny Pritzker",3477513000,"finance-investments",64,"","us","finance-investments","Hotels;investments","penny-pritzker"
2023,338,"J.B. Pritzker",3471000000,"finance-investments",58,1,"us","finance-investments","Hotels;investments","jb-pritzker"
2023,339,"Carl Thoma",3465000000,"finance-investments",75,1,"us","finance-investments","Private equity","carl-thoma"
2023,340,"David Filo",3458700000,"technology",57,1,"us","technology","Yahoo","david-filo"
2023,341,"John Paulson",3456000000,"finance-investments",68,1,"us","finance-investments","Hedge funds","john-paulson"
2023,342,"Neal Blue & family",3438300000,"manufacturing",88,1,"us","manufacturing","Defense","neal-blue"
2023,343,"Pat Stryker",3422923000,"healthcare",67,"","us","healthcare","Medical equipment","pat-stryker"
2023,344,"Eren Ozmen",3408841000,"manufacturing",65,"","us","manufacturing","Aerospace","eren-ozmen"
2023,345,"Steve Wynn",3407300000,"gambling-casinos",81,1,"us","gambling-casinos","Casinos;hotels","steve-wynn"
2023,346,"David Murdock",3401419000,"food-beverage",100,1,"us","food-beverage","Dole;real estate","david-murdock"
2023,347,"Stewart Rahr",3384230000,"healthcare",77,1,"us","healthcare","Drug distribution","stewart-rahr"
2023,348,"Jonathan Nelson",3350350000,"finance-investments",67,1,"us","finance-investments","Private equity","jonathan-nelson"
2023,349,"Holden Spaht",3340000000,"finance-investments",49,1,"us","finance-investments","Private equity","holden-spaht"
2023,350,"Scott Crabill",3340000000,"finance-investments",53,1,"us","finance-investments","Private equity","scott-crabill"
2023,351,"Seth Boro",3340000000,"finance-investments",48,1,"us","finance-investments","Private equity","seth-boro"
2023,352,"Peter Gassner",3330863000,"technology",58,1,"us","technology","Software","peter-gassner"
2023,353,"J. Tomilson Hill",3311800000,"finance-investments",75,1,"us","finance-investments","Investments","j-tomilson-hill"
2023,354,"Norman Braman",3302446000,"automotive",91,1,"us","automotive","Art;car dealerships","norman-braman"
2023,355,"Daniel Loeb",3301485000,"finance-investments",62,1,"us","finance-investments","Hedge funds","daniel-loeb"
2023,356,"John Arnold",3285000000,"finance-investments",49,1,"us","finance-investments","Hedge funds","john-arnold"
2023,357,"Fatih Ozmen",3275259000,"manufacturing",65,1,"us","manufacturing","Aerospace","fatih-ozmen"
2023,358,"Frank Slootman",3255740000,"technology",65,1,"us","technology","Software","frank-slootman"
2023,359,"Edward DeBartolo Jr",3254400000,"real-estate",77,1,"us","real-estate","Shopping centers","edward-debartolo-jr"
2023,360,"Stephen Deckoff",3229800000,"finance-investments",58,1,"us","finance-investments","Private equity","stephen-deckoff"
2023,361,"Frank VanderSloot",3228272000,"fashion-retail",75,1,"us","fashion-retail","Nutrition;wellness products","frank-vandersloot"
2023,362,"George Bishop",3224260000,"energy",86,1,"us","energy","Oil & gas","george-bishop"
2023,363,"Warren Stephens",3223443000,"finance-investments",66,1,"us","finance-investments","Investment banking","warren-stephens"
2023,364,"Jane Lauder",3221245000,"fashion-retail",51,"","us","fashion-retail","Estée Lauder","jane-lauder"
2023,365,"Justin Ishbia",3219492000,"finance-investments",46,1,"us","finance-investments","Private equity","justin-ishbia"
2023,366,"Nicolas Berggruen",3206000000,"real-estate",62,1,"us","real-estate","Real estate;investments","nicolas-berggruen"
2023,367,"Jayshree Ullal",3205891000,"technology",62,"","us","technology","Computer networking","jayshree-ullal"
2023,368,"Andrew Cherng",3200275000,"food-beverage",76,1,"us","food-beverage","Fast food","andrew-cherng-1"
2023,369,"Peggy Cherng",3200275000,"food-beverage",76,"","us","food-beverage","Fast food","peggy-cherng"
2023,370,"Richard Peery",3194771000,"real-estate",85,1,"us","real-estate","Real estate","richard-peery"
2023,371,"Aneel Bhusri",3192644000,"technology",57,1,"us","technology","Business software","aneel-bhusri"
2023,372,"Leonard Schleifer",3191494000,"healthcare",71,1,"us","healthcare","Pharmaceuticals","leonard-schleifer"
2023,373,"Bennett Dorrance",3185884000,"food-beverage",77,1,"us","food-beverage","Campbell Soup","bennett-dorrance"
2023,374,"Howard Schultz",3185270000,"food-beverage",70,1,"us","food-beverage","Starbucks","howard-schultz"
2023,375,"Robert Johnson",3173067000,"sports",76,1,"us","sports","Johnson & Johnson;New York Jets","robert-johnson-3"
2023,376,"Todd Christopher",3151500000,"fashion-retail",61,1,"us","fashion-retail","Hair care products","todd-christopher"
2023,377,"Brian Acton",3149849000,"technology",51,1,"us","technology","WhatsApp","brian-acton"
2023,378,"George Argyros & family",3140787000,"real-estate",86,1,"us","real-estate","Real estate;investments","george-argyros"
2023,379,"Jerry Speyer & family",3121400000,"real-estate",83,1,"us","real-estate","Real estate","jerry-speyer"
2023,380,"Todd Wanek",3106785000,"manufacturing",59,1,"us","manufacturing","Furniture","todd-wanek"
2023,381,"Rodney Sacks",3105629000,"food-beverage",74,1,"us","food-beverage","Energy drinks","rodney-sacks"
2023,382,"Willis Johnson",3104615000,"automotive",76,1,"us","automotive","Damaged cars","willis-johnson"
2023,383,"Geoffrey Palmer",3087988000,"real-estate",73,1,"us","real-estate","Real estate","geoffrey-palmer"
2023,384,"Ron Burkle",3078555000,"finance-investments",71,1,"us","finance-investments","Supermarkets;investments","ron-burkle"
2023,385,"Pablo Legorreta",3055908000,"finance-investments",60,1,"us","finance-investments","Investments","pablo-legorreta"
2023,386,"Robert Sands",3050861000,"food-beverage",65,1,"us","food-beverage","Liquor","robert-sands"
2023,387,"Drayton McLane Jr",3029472000,"fashion-retail",87,1,"us","fashion-retail","Walmart;logistics","drayton-mclane-jr"
2023,388,"Frank Fertitta III",3027084000,"sports",61,1,"us","sports","Casinos;mixed martial arts","frank-fertitta-iii"
2023,389,"Stewart Horejsi & family",3021481000,"finance-investments",86,1,"us","finance-investments","Berkshire Hathaway","stewart-horejsi"
2023,390,"Michael Jordan",3006800000,"sports",60,1,"us","sports","Charlotte Hornets;endorsements","michael-jordan"
2023,391,"Thomas Tull",3003214000,"media-entertainment",53,1,"us","media-entertainment","Movies;investments","thomas-tull"
2023,392,"Jeffrey Talpins",3000000000,"finance-investments",48,1,"us","finance-investments","Hedge fund","jeffrey-talpins"
2023,393,"Haim Saban",2999800000,"media-entertainment",79,1,"us","media-entertainment","TV network;investments","haim-saban"
2023,394,"James Duff",2999700000,"diversified",62,1,"us","diversified","Tires;diversified","james-duff"
2023,395,"Thomas Duff",2999700000,"diversified",67,1,"us","diversified","Tires;diversified","thomas-duff"
2023,396,"Meg Whitman",2998538000,"technology",67,"","us","technology","EBay","meg-whitman"
2023,397,"David Baszucki",2987387000,"media-entertainment",60,1,"us","media-entertainment","Online games","david-baszucki"
2023,398,"William Wrigley Jr",2983315000,"food-beverage",60,1,"us","food-beverage","Chewing gum","william-wrigley-jr"
2023,399,"John Fisher",2972361000,"fashion-retail",62,1,"us","fashion-retail","Gap","john-fisher"
2023,400,"Charles Cohen",2969298000,"real-estate",71,1,"us","real-estate","Real estate","charles-cohen"
2023,401,"Matthew Prince",2956286000,"technology",49,1,"us","technology","Cybersecurity","matthew-prince"
2023,402,"John Paul DeJoria",2954880000,"fashion-retail",79,1,"us","fashion-retail","Hair products;tequila","john-paul-dejoria"
2023,403,"Lorenzo Fertitta",2934888000,"sports",55,1,"us","sports","Casinos;mixed martial arts","lorenzo-fertitta"
2023,404,"Alejandro Santo Domingo",2930279000,"food-beverage",46,1,"us","food-beverage","Beer","alejandro-santo-domingo"
2023,405,"Bill Austin",2927449000,"manufacturing",81,1,"us","manufacturing","Hearing aids","bill-austin"
2023,406,"Chris Larsen",2926675000,"finance-investments",63,1,"us","finance-investments","Cryptocurrency","chris-larsen"
2023,407,"Tench Coxe",2917915000,"finance-investments",65,1,"us","finance-investments","Venture capital","tench-coxe"
2023,408,"Glen Taylor",2896514000,"service",82,1,"us","service","Printing","glen-taylor"
2023,409,"Ray Davis",2896385000,"energy",82,1,"us","energy","Pipelines","ray-davis"
2023,410,"C. Dean Metropoulos",2890602000,"food-beverage",77,1,"us","food-beverage","Investments","c-dean-metropoulos"
2023,411,"Robert Duggan",2888323000,"healthcare",79,1,"us","healthcare","Pharmaceuticals","robert-duggan"
2023,412,"Daniel Sundheim",2877000000,"finance-investments",46,1,"us","finance-investments","Hedge funds","daniel-sundheim"
2023,413,"Wayne Rothbaum",2871819000,"healthcare",55,1,"us","healthcare","Biotech investing","wayne-rothbaum"
2023,414,"Glenn Dubin",2864000000,"finance-investments",66,1,"us","finance-investments","Hedge funds","glenn-dubin"
2023,415,"Bom Kim",2855061000,"technology",45,1,"us","technology","Online retailing","bom-kim"
2023,416,"Eleanor Butt Crook & family",2825326000,"fashion-retail",91,"","us","fashion-retail","Supermarkets","eleanor-butt-crook"
2023,417,"Sean Parker",2811361000,"technology",44,1,"us","technology","Facebook","sean-parker"
2023,418,"Oprah Winfrey",2803674000,"media-entertainment",69,"","us","media-entertainment","TV shows","oprah-winfrey"
2023,419,"J. Hyatt Brown",2802035000,"finance-investments",86,1,"us","finance-investments","Insurance","j-hyatt-brown"
2023,420,"Bill Alfond",2790348000,"fashion-retail",75,1,"us","fashion-retail","Shoes","bill-alfond"
2023,421,"Susan Alfond",2790348000,"fashion-retail",78,"","us","fashion-retail","Shoes","susan-alfond"
2023,422,"Ted Alfond",2790348000,"fashion-retail",79,1,"us","fashion-retail","Shoes","ted-alfond"
2023,423,"Theodore Leonsis",2783248000,"sports",68,1,"us","sports","Sports teams","theodore-leonsis"
2023,424,"Leon G. Cooperman",2781000000,"finance-investments",80,1,"us","finance-investments","Hedge funds","leon-g-cooperman"
2023,425,"Robert Friedland",2772509000,"metals-mining",73,1,"us","metals-mining","Mining","robert-friedland"
2023,426,"Phillip T. (Terry) Ragon",2771175000,"technology",74,1,"us","technology","Health IT","phillip-t-terry-ragon"
2023,427,"Felix Baker",2756000000,"finance-investments",54,1,"us","finance-investments","Biotech investing","felix-baker"
2023,428,"Julian Baker",2755000000,"finance-investments",57,1,"us","finance-investments","Investing","julian-baker"
2023,429,"Frank Laukien",2742355000,"manufacturing",63,1,"us","manufacturing","Scientific equipment","frank-laukien"
2023,430,"John Pritzker",2699000000,"finance-investments",70,1,"us","finance-investments","Hotels;investments","john-pritzker"
2023,431,"Catherine Lozick",2695073000,"manufacturing",78,"","us","manufacturing","Valve manufacturing","catherine-lozick"
2023,432,"Kenneth Feld & family",2694623000,"media-entertainment",75,1,"us","media-entertainment","Live entertainment","kenneth-feld"
2023,433,"Vincent McMahon",2692628000,"sports",78,1,"us","sports","Entertainment","vincent-mcmahon"
2023,434,"Brad Kelley",2690382000,"real-estate",67,1,"us","real-estate","Tobacco","brad-kelley"
2023,435,"Herb Chambers",2686556000,"automotive",82,1,"us","automotive","Car dealerships","herb-chambers"
2023,436,"Phil Ruffin",2682237000,"diversified",88,1,"us","diversified","Casinos;real estate","phil-ruffin"
2023,437,"Jed McCaleb",2679369000,"finance-investments",49,1,"us","finance-investments","Cryptocurrency","jed-mccaleb"
2023,438,"Bernard Saul II & family",2636598000,"finance-investments",91,1,"us","finance-investments","Banking;real estate","bernard-saul-ii"
2023,439,"Ben Ashkenazy",2633210000,"real-estate",54,1,"us","real-estate","Real estate","ben-ashkenazy"
2023,440,"Alexis Lê-Quôc",2627558000,"technology",49,1,"us","technology","Cloud computing","alexis-le-quoc"
2023,441,"Mortimer Zuckerman",2623979000,"real-estate",86,1,"us","real-estate","Real estate;media","mortimer-zuckerman"
2023,442,"Daniel Pritzker",2616561000,"finance-investments",64,1,"us","finance-investments","Hotels;investments","daniel-pritzker"
2023,443,"Kavitark Ram Shriram",2616508000,"technology",66,1,"us","technology","Venture capital;Google","kavitark-ram-shriram"
2023,444,"Jerry Yang",2601799000,"technology",55,1,"us","technology","Yahoo","jerry-yang"
2023,445,"Henry Laufer",2600000000,"finance-investments",78,1,"us","finance-investments","Hedge funds","henry-laufer"
2023,446,"Dwight Schar",2589767000,"construction-engineering",81,1,"us","construction-engineering","Homebuilding;NFL team","dwight-schar"
2023,447,"August Troendle",2565561000,"healthcare",68,1,"us","healthcare","Pharmaceutical services","august-troendle"
2023,448,"Roy Carroll II",2552941000,"real-estate",61,1,"us","real-estate","Real estate","roy-carroll-ii"
2023,449,"Donald Trump",2552000000,"real-estate",77,1,"us","real-estate","Real estate","donald-trump"
2023,450,"Tor Peterson",2548461000,"metals-mining",59,1,"us","metals-mining","Commodities","tor-peterson"
2023,451,"Thomas James",2533045000,"finance-investments",81,1,"us","finance-investments","Finance","thomas-james"
2023,452,"Ted Turner",2529200000,"media-entertainment",85,1,"us","media-entertainment","Cable television","ted-turner"
2023,453,"John Tyson & family",2527159000,"food-beverage",70,1,"us","food-beverage","Food processing","john-tyson"
2023,454,"Gerald Ford",2511584000,"finance-investments",79,1,"us","finance-investments","Banking","gerald-ford"
2023,455,"Scott Shleifer",2511000000,"finance-investments",46,1,"us","finance-investments","Private equity","scott-shleifer"
2023,456,"Jay-Z",2506507000,"media-entertainment",54,1,"us","media-entertainment","Music","jay-z"
2023,457,"Byron Trott",2500000000,"finance-investments",65,1,"us","finance-investments","Investments","byron-trott"
2023,458,"Joseph Edelman",2498000000,"finance-investments",68,1,"us","finance-investments","Hedge funds","joseph-edelman"
2023,459,"Roger Wang",2477221000,"fashion-retail",75,1,"us","fashion-retail","Retail","roger-wang"
2023,460,"Alec Gores",2476954000,"finance-investments",70,1,"us","finance-investments","Private equity","alec-gores"
2023,461,"Edward Bass",2463461000,"energy",78,1,"us","energy","Oil;investments","edward-bass"
2023,462,"Stephen Mandel Jr",2451500000,"finance-investments",67,1,"us","finance-investments","Hedge funds","stephen-mandel-jr"
2023,463,"S. Daniel Abraham",2443960000,"food-beverage",99,1,"us","food-beverage","Slim-Fast","s-daniel-abraham"
2023,464,"Richard Sands",2410244000,"food-beverage",72,1,"us","food-beverage","Liquor","richard-sands"
2023,465,"Jerry Reinsdorf",2406640000,"sports",87,1,"us","sports","Sports teams","jerry-reinsdorf"
2023,466,"Steven Sarowitz",2394201000,"technology",58,1,"us","technology","Payroll software","steven-sarowitz"
2023,467,"Bruce Karsh",2386387000,"finance-investments",68,1,"us","finance-investments","Private equity","bruce-karsh"
2023,468,"William Stone",2379978000,"technology",68,1,"us","technology","Software","william-stone"
2023,469,"Henry Davis",2370000000,"food-beverage",72,1,"us","food-beverage","Beef processing","henry-davis"
2023,470,"David Walentas",2348400000,"real-estate",85,1,"us","real-estate","Real estate","david-walentas"
2023,471,"Edward Stack",2296794000,"fashion-retail",69,1,"us","fashion-retail","Dick's Sporting Goods","edward-stack"
2023,472,"Riley Bechtel & family",2290614000,"construction-engineering",71,1,"us","construction-engineering","Engineering;construction","riley-bechtel"
2023,473,"Fred Ehrsam",2288704000,"finance-investments",35,1,"us","finance-investments","cryptocurrency exchange","fred-ehrsam"
2023,474,"Alexandra Daitch",2284040000,"food-beverage",61,"","us","food-beverage","Cargill","alexandra-daitch"
2023,475,"Lucy Stitzer",2284040000,"food-beverage",64,"","us","food-beverage","Cargill","lucy-stitzer"
2023,476,"Sarah MacMillan",2284040000,"food-beverage",70,"","us","food-beverage","Cargill","sarah-macmillan"
2023,477,"Jeff Sutton",2279146000,"real-estate",63,1,"us","real-estate","Real estate","jeff-sutton"
2023,478,"Jared Isaacman",2274586000,"technology",40,1,"us","technology","Payment processing","jared-isaacman"
2023,479,"Stefan Soloviev",2274501000,"real-estate",48,1,"us","real-estate","Real estate;grains","stefan-soloviev"
2023,480,"Mark Davis",2270000000,"sports",68,1,"us","sports","Las Vegas Raiders","mark-davis-1"
2023,481,"James Jannard",2268597000,"fashion-retail",74,1,"us","fashion-retail","Sunglasses","james-jannard"
2023,482,"William Boyd & family",2251236000,"gambling-casinos",92,1,"us","gambling-casinos","Casinos;banking","william-boyd"
2023,483,"Reid Hoffman",2249557000,"technology",56,1,"us","technology","LinkedIn","reid-hoffman"
2023,484,"Tom Ford",2248000000,"fashion-retail",62,1,"us","fashion-retail","Fashion","tom-ford-1"
2023,485,"Irving Grousbeck & family",2246000000,"sports",89,1,"us","sports","Telecommunication;sports","irving-grousbeck"
2023,486,"David Blitzer",2236300000,"sports",54,1,"us","sports","Sports","david-blitzer"
2023,487,"William Lauder",2234049000,"fashion-retail",63,1,"us","fashion-retail","Estee Lauder","william-lauder"
2023,488,"Noam Gottesman",2230299000,"finance-investments",62,1,"us","finance-investments","Hedge funds","noam-gottesman"
2023,489,"Jeffrey Gundlach",2222000000,"finance-investments",65,1,"us","finance-investments","Investments","jeffrey-gundlach"
2023,490,"Anthony Wood",2211577000,"technology",58,1,"us","technology","Roku","anthony-wood"
2023,491,"Drew Houston",2204145000,"technology",40,1,"us","technology","Cloud storage service","drew-houston"
2023,492,"Timothy Boyle",2197986000,"fashion-retail",74,1,"us","fashion-retail","Columbia Sportswear","timothy-boyle"
2023,493,"Kevin Systrom",2194580000,"technology",40,1,"us","technology","Instagram","kevin-systrom"
2023,494,"Kamal Ghaffarian",2192504000,"energy",65,1,"us","energy","Space;energy","kamal-ghaffarian"
2023,495,"Lee Bass",2173344000,"energy",67,1,"us","energy","Oil;investments","lee-bass"
2023,496,"Paul Foster",2168038000,"energy",66,1,"us","energy","Oil refining","paul-foster"
2023,497,"Howard Marks",2164911000,"finance-investments",77,1,"us","finance-investments","Private equity","howard-marks"
2023,498,"Patrick Zalupski",2156245000,"real-estate",43,1,"us","real-estate","homebuilding","patrick-zalupski"
2023,499,"Leonid Radvinsky",2139500000,"technology",41,1,"us","technology","E-commerce","leonid-radvinsky"
2023,500,"Patrick Hanrahan",2132428000,"technology",68,1,"us","technology","Software","patrick-hanrahan"
2023,501,"Gordon Getty",2131605000,"energy",90,1,"us","energy","Getty Oil","gordon-getty"
2023,502,"B. Wayne Hughes Jr",2123824999,"real-estate",64,1,"us","real-estate","Storage facilities","b-wayne-hughes-jr"
2023,503,"Jennifer Pritzker",2123292000,"finance-investments",73,"","us","finance-investments","Hotels;investments","jennifer-pritzker"
2023,504,"Travis Boersma",2115341000,"food-beverage",53,1,"us","food-beverage","Coffee","travis-boersma"
2023,505,"Thomas Steyer",2111563999,"finance-investments",66,1,"us","finance-investments","Hedge funds","thomas-steyer"
2023,506,"Aerin Lauder",2110743000,"fashion-retail",53,"","us","fashion-retail","Estee Lauder","aerin-lauder"
2023,507,"Jim Thompson",2100562000,"logistics",83,1,"us","logistics","Logistics","jim-thompson"
2023,508,"T. Denny Sanford",2099414000,"finance-investments",88,1,"us","finance-investments","Banking;credit cards","t-denny-sanford"
2023,509,"Anita Zucker",2097623999,"manufacturing",71,"","us","manufacturing","Chemicals","anita-zucker"
2023,510,"Marc Lasry",2097000000,"finance-investments",63,1,"us","finance-investments","Hedge funds","marc-lasry"
2023,511,"Jane Goldman",2092458999,"real-estate",68,"","us","real-estate","Real estate","jane-goldman"
2023,512,"Paul Saville",2085458999,"real-estate",68,1,"us","real-estate","Homebuilder","paul-saville"
2023,513,"Daniel Lubetzky",2078449999,"food-beverage",55,1,"us","food-beverage","Snack bars","daniel-lubetzky"
2023,514,"Barbara Tyson",2077696000,"food-beverage",74,"","us","food-beverage","Food processing","barbara-tyson"
2023,515,"James Leprino",2076123999,"food-beverage",86,1,"us","food-beverage","Cheese","james-leprino"
2023,516,"Ben Silbermann",2076079000,"media-entertainment",41,1,"us","media-entertainment","Social media","ben-silbermann"
2023,517,"Ryan Smith",2075462000,"technology",45,1,"us","technology","Cloud computing","ryan-smith"
2023,518,"Brian Roberts",2061703000,"media-entertainment",64,1,"us","media-entertainment","Comcast","brian-roberts"
2023,519,"William Koch",2059730000,"energy",83,1,"us","energy","Oil;investments","william-koch"
2023,520,"David Adelman",2048000000,"real-estate",51,1,"us","real-estate","Real estate;asset management","david-adelman"
2023,521,"Raj Sardana",2034800000,"technology",63,1,"us","technology","Technology services","raj-sardana"
2023,522,"William Young",2022650000,"manufacturing",83,1,"us","manufacturing","Plastics","william-young"
2023,523,"Edward Lampert",2021932000,"finance-investments",61,1,"us","finance-investments","Sears","edward-lampert"
2023,524,"Marcelo Claure",2019167000,"telecom",53,1,"us","telecom","Cell phone distribution","marcelo-claure"
2023,525,"Linda Pritzker",2015958000,"service",70,"","us","service","Hotels;investments","linda-pritzker"
2023,526,"Craig McCaw",2015688000,"telecom",74,1,"us","telecom","Telecom","craig-mccaw"
2023,527,"Paul Lee",2015256000,"manufacturing",66,1,"us","manufacturing","Battery separators","paul-lee-1"
2023,528,"Amy Goldman Fowler",2008716000,"real-estate",69,"","us","real-estate","Real estate","amy-goldman-fowler"
2023,529,"Elaine Wynn",2001981000,"gambling-casinos",81,"","us","gambling-casinos","Casinos;hotels","elaine-wynn"
2023,530,"Stephen Butt & family",1988267000,"fashion-retail",68,1,"us","fashion-retail","Supermarkets","stephen-butt"
2023,531,"Howard Butt III & family",1988142000,"fashion-retail",71,1,"us","fashion-retail","Supermarkets","howard-butt-iii"
2023,532,"Charlotte Colket Weber",1986858000,"food-beverage",81,"","us","food-beverage","Campbell Soup","charlotte-colket-weber"
2023,533,"Diane Kemper",1982716000,"real-estate",78,"","us","real-estate","Real estate","diane-kemper"
2023,534,"Amy Wyss",1979000000,"healthcare",53,"","us","healthcare","Medical equipment","amy-wyss"
2023,535,"Joe Lacob",1973300000,"sports",67,1,"us","sports","Golden State Warriors","joe-lacob"
2023,536,"Alan Trefler",1962640000,"technology",67,1,"us","technology","Software","alan-trefler"
2023,537,"David Booth",1958701000,"finance-investments",78,1,"us","finance-investments","Mutual funds","david-booth"
2023,538,"Jamie Dimon",1958078000,"finance-investments",67,1,"us","finance-investments","Banking","jamie-dimon"
2023,539,"Alexander Karp",1955390000,"technology",56,1,"us","technology","Software firm","alexander-karp"
2023,540,"Richard Kayne",1950590000,"finance-investments",78,1,"us","finance-investments","Investments","richard-kayne"
2023,541,"John Ocampo",1945045000,"technology",64,1,"us","technology","Semiconductors","john-ocampo"
2023,542,"Tim Cook",1936601000,"technology",63,1,"us","technology","Apple","tim-cook"
2023,543,"Evan Williams",1917743000,"technology",51,1,"us","technology","Twitter","evan-williams"
2023,544,"Michael Saylor",1908007000,"technology",58,1,"us","technology","cryptocurrency","michael-saylor"
2023,545,"Larry Robbins",1905645000,"finance-investments",54,1,"us","finance-investments","Hedge funds","larry-robbins"
2023,546,"Palmer Luckey",1885292000,"technology",31,1,"us","technology","Virtual reality","palmer-luckey"
2023,547,"James Dinan",1884800000,"finance-investments",64,1,"us","finance-investments","Hedge funds","james-dinan"
2023,548,"Henry Swieca",1882394000,"finance-investments",66,1,"us","finance-investments","Hedge funds","henry-swieca"
2023,549,"Duke Reyes",1881000000,"food-beverage",66,1,"us","food-beverage","Beer distribution","duke-reyes"
2023,550,"David Lichtenstein",1875000000,"real-estate",62,1,"us","real-estate","Real estate","david-lichtenstein"
2023,551,"Scott Kapnick",1870000000,"finance-investments",64,1,"us","finance-investments","Private equity","scott-kapnick"
2023,552,"Phillip Frost",1851092000,"healthcare",87,1,"us","healthcare","Pharmaceuticals","phillip-frost"
2023,553,"George Yancopoulos",1850725000,"healthcare",64,1,"us","healthcare","Pharmaceuticals","george-yancopoulos"
2023,554,"Sheryl Sandberg",1847578000,"technology",54,"","us","technology","Facebook","sheryl-sandberg"
2023,555,"Todd Wagner",1819620000,"media-entertainment",63,1,"us","media-entertainment","Online media","todd-wagner"
2023,556,"David Zalik",1819509000,"technology",49,1,"us","technology","Financial technology","david-zalik"
2023,557,"Scott Nuttall",1815707000,"finance-investments",51,1,"us","finance-investments","Private equity","scott-nuttall"
2023,558,"Hao Hong",1814705000,"healthcare",68,1,"us","healthcare","Pharmaceuticals","hao-hong"
2023,559,"Marc Andreessen",1808755000,"finance-investments",52,1,"us","finance-investments","Venture capital investing","marc-andreessen"
2023,560,"A. Jayson Adair",1801060000,"automotive",54,1,"us","automotive","Damaged cars","a-jayson-adair"
2023,561,"Brian Higgins",1800000000,"finance-investments",58,1,"us","finance-investments","Hedge funds","brian-higgins"
2023,562,"Joe Lau",1800000000,"technology",34,1,"us","technology","Blockchain;technology","joe-lau"
2023,563,"Nikil Viswanathan",1800000000,"technology",36,1,"us","technology","Blockchain technology","nikil-viswanathan-1"
2023,564,"O. Francis Biondi",1800000000,"finance-investments",59,1,"us","finance-investments","Hedge funds","o-francis-biondi"
2023,565,"Parker Conrad",1800000000,"technology",43,1,"us","technology","Software","parker-conrad"
2023,566,"Christopher Goldsbury",1797758000,"food-beverage",81,1,"us","food-beverage","Salsa","christopher-goldsbury"
2023,567,"Chad Richison",1795548000,"technology",53,1,"us","technology","Payroll processing","chad-richison"
2023,568,"Gary Michelson",1782900000,"healthcare",74,1,"us","healthcare","Medical patents","gary-michelson"
2023,569,"Charles Ergen",1777380000,"media-entertainment",70,1,"us","media-entertainment","Satellite TV","charles-ergen"
2023,570,"Riaz Valani",1777000000,"finance-investments",47,1,"us","finance-investments","E-cigarettes","riaz-valani"
2023,571,"Leslie Alexander",1775000000,"sports",80,1,"us","sports","Sports team","leslie-alexander"
2023,572,"James France",1771443000,"sports",79,1,"us","sports","Nascar;racing","james-france"
2023,573,"Andres Santo Domingo",1756394000,"food-beverage",45,1,"us","food-beverage","Beer","andres-santo-domingo"
2023,574,"John Goff",1743639000,"real-estate",68,1,"us","real-estate","Real estate","john-goff"
2023,575,"Michael Arougheti",1742514000,"finance-investments",51,1,"us","finance-investments","Finance","michael-arougheti"
2023,576,"Ronald Perelman",1741909000,"finance-investments",81,1,"us","finance-investments","Leveraged buyouts","ronald-perelman"
2023,577,"Kim Kardashian",1741000000,"fashion-retail",43,"","us","fashion-retail","Shapewear;skincare","kim-kardashian"
2023,578,"Don Levin",1738200000,"manufacturing",73,1,"us","manufacturing","rolling papers","don-levin"
2023,579,"Jim Breyer",1735396000,"technology",62,1,"us","technology","Venture capital","jim-breyer"
2023,580,"Jonathan Tisch",1731390000,"diversified",70,1,"us","diversified","Insurance;NFL team","jonathan-tisch"
2023,581,"William Foley II",1725010000,"finance-investments",79,1,"us","finance-investments","Financial services","william-foley-ii"
2023,582,"Tom Werner",1723200000,"sports",73,1,"us","sports","Sports teams","tom-werner-1"
2023,583,"Osman Kibar",1710331000,"healthcare",52,1,"us","healthcare","Biotech","osman-kibar"
2023,584,"Jimmy John Liautaud",1700000000,"food-beverage",59,1,"us","food-beverage","Sandwich chain","jimmy-john-liautaud"
2023,585,"Duncan MacMillan",1698000000,"finance-investments",86,1,"us","finance-investments","Bloomberg LP","duncan-macmillan"
2023,586,"Safra Catz",1696548000,"technology",62,"","us","technology","Software","safra-catz"
2023,587,"Bennett Rosenthal",1693438000,"finance-investments",60,1,"us","finance-investments","Finance","bennett-rosenthal"
2023,588,"Jeffrey Michael & family",1692400000,"technology",67,1,"us","technology","Data management","jeffrey-michael"
2023,589,"David Kaplan",1692250000,"finance-investments",56,1,"us","finance-investments","Finance","david-kaplan"
2023,590,"Jeffrey Soffer",1687300000,"real-estate",56,1,"us","real-estate","Real estate","jeffrey-soffer"
2023,591,"James Scapa",1687271000,"technology",66,1,"us","technology","Software","james-scapa"
2023,592,"James Leininger",1687041000,"healthcare",78,1,"us","healthcare","Medical products","james-leininger"
2023,593,"Ron Corio",1678000000,"energy",62,1,"us","energy","Solar","ron-corio"
2023,594,"Keith Dunleavy & family",1674000000,"healthcare",54,1,"us","healthcare","Health IT","keith-dunleavy"
2023,595,"Jorge Perez",1673000000,"real-estate",74,1,"us","real-estate","Real estate","jorge-perez"
2023,596,"Stephen Winn",1672000000,"real-estate",77,1,"us","real-estate","Real estate services","stephen-winn"
2023,597,"Joe Rogers Jr",1671000000,"food-beverage",77,1,"us","food-beverage","Waffle House","joe-rogers-jr"
2023,598,"Joseph Bae",1662777000,"finance-investments",51,1,"us","finance-investments","Private equity","joseph-bae"
2023,599,"Mario Gabelli",1658903000,"finance-investments",81,1,"us","finance-investments","Money management","mario-gabelli"
2023,600,"Art Levinson",1653449000,"diversified",73,1,"us","diversified","Genentech;Apple","art-levinson"
2023,601,"Jim McKelvey",1652274000,"technology",58,1,"us","technology","Mobile payments","jim-mckelvey"
2023,602,"Anthony Casalena",1651948000,"technology",41,1,"us","technology","Software","anthony-casalena"
2023,603,"Paul Sciarra",1646294000,"technology",42,1,"us","technology","Pinterest","paul-sciarra"
2023,604,"Jim Crane",1634000000,"sports",69,1,"us","sports","Logistics;baseball","jim-crane"
2023,605,"Timothy Headington",1632591000,"energy",73,1,"us","energy","Oil & gas;investments","timothy-headington"
2023,606,"Robert Clark",1631100000,"construction-engineering",64,1,"us","construction-engineering","Construction","robert-clark"
2023,607,"Nicholas Pritzker",1628617000,"finance-investments",80,1,"us","finance-investments","Hotels;investments","nicholas-pritzker"
2023,608,"Amy Adams Strunk",1625789000,"sports",68,"","us","sports","Tennessee Titans","amy-adams-strunk"
2023,609,"Clifford Asness",1624000000,"finance-investments",57,1,"us","finance-investments","Money management","clifford-asness"
2023,610,"Herbert Allen Jr & family",1609197000,"finance-investments",83,1,"us","finance-investments","Investment banking","herbert-allen-jr"
2023,611,"Stanley Hubbard",1602518000,"media-entertainment",90,1,"us","media-entertainment","DirecTV","stanley-hubbard"
2023,612,"Laurie Tisch",1601975000,"diversified",72,"","us","diversified","Insurance;NFL team","laurie-tisch"
2023,613,"Steven Tisch",1601975000,"diversified",74,1,"us","diversified","Insurance","steven-tisch"
2023,614,"Michael Polsky",1600000000,"energy",75,1,"us","energy","Electric power","michael-polsky"
2023,615,"Randal J. Kirk",1593862000,"healthcare",69,1,"us","healthcare","Pharmaceuticals","randal-j-kirk"
2023,616,"Robert Fisher",1581234000,"fashion-retail",70,1,"us","fashion-retail","Gap","robert-fisher"
2023,617,"William Franke",1579991000,"diversified",86,1,"us","diversified","Low-cost airlines","william-franke"
2023,618,"Bill Gross",1577471000,"finance-investments",79,1,"us","finance-investments","Investments","bill-gross"
2023,619,"Daniel Hirschfeld",1575824000,"fashion-retail",82,1,"us","fashion-retail","Fashion retail","daniel-hirschfeld"
2023,620,"Scott Watterson",1574450000,"technology",68,1,"us","technology","Fitness equipment","scott-watterson"
2023,621,"Peter Sperling",1573150000,"service",64,1,"us","service","Education","peter-sperling"
2023,622,"David Hoffmann",1567000000,"diversified",71,1,"us","diversified","Executive search;investments","david-hoffmann"
2023,623,"Jim Koch",1564808000,"food-beverage",74,1,"us","food-beverage","Beer","jim-koch"
2023,624,"Wilma Tisch",1563425000,"finance-investments",96,"","us","finance-investments","Diversified","wilma-tisch"
2023,625,"George Marcus",1562046000,"real-estate",82,1,"us","real-estate","Real estate","george-marcus"
2023,626,"Sue Gross",1554923000,"finance-investments",73,"","us","finance-investments","Investments","sue-gross"
2023,627,"Sunjay Kapur",1539695000,"automotive",52,1,"us","automotive","Auto parts","sunjay-kapur"
2023,628,"Kenny Troutt",1535000000,"telecom",76,1,"us","telecom","Telecom","kenny-troutt"
2023,629,"Evgeny (Eugene) Shvidler",1531978000,"metals-mining",59,1,"us","metals-mining","Metals;investments","evgeny-eugene-shvidler"
2023,630,"Gary Friedman",1513857000,"fashion-retail",66,1,"us","fashion-retail","Furniture retail","gary-friedman"
2023,631,"Axel Stawski",1503360000,"real-estate",73,1,"us","real-estate","Real estate","axel-stawski"
2023,632,"Sidney Kimmel",1503210000,"fashion-retail",95,1,"us","fashion-retail","Retail","sidney-kimmel"
2023,633,"Cargill MacMillan III",1502116000,"food-beverage",64,1,"us","food-beverage","Cargill","cargill-macmillan-iii"
2023,634,"John MacMillan",1502116000,"food-beverage",74,1,"us","food-beverage","Cargill","john-macmillan-1"
2023,635,"Martha MacMillan",1502116000,"food-beverage",72,"","us","food-beverage","Cargill","martha-macmillan"
2023,636,"William MacMillan",1502116000,"food-beverage",69,1,"us","food-beverage","Cargill","william-macmillan"
2023,637,"Egon Durban",1500000000,"finance-investments",50,1,"us","finance-investments","Private equity","egon-durban"
2023,638,"Greg Mondre",1500000000,"finance-investments",49,1,"us","finance-investments","Private equity","greg-mondre"
2023,639,"Kenneth Hao",1500000000,"finance-investments",55,1,"us","finance-investments","Private equity","kenneth-hao"
2023,640,"Mike Repole",1500000000,"food-beverage",55,1,"us","food-beverage","Sports drink","mike-repole"
2023,641,"Bharat Desai",1492300000,"technology",71,1,"us","technology","IT consulting","bharat-desai"
2023,642,"Louis Bacon",1491822000,"finance-investments",67,1,"us","finance-investments","Hedge funds","louis-bacon"
2023,643,"Randal Nardone",1488375000,"finance-investments",68,1,"us","finance-investments","Investments;energy","randal-nardone"
2023,644,"Jerry Moyes & family",1485754000,"logistics",79,1,"us","logistics","Transportation","jerry-moyes"
2023,645,"Alfred West Jr",1480336000,"finance-investments",81,1,"us","finance-investments","Money management","alfred-west-jr"
2023,646,"Alice Schwartz",1480321000,"healthcare",97,"","us","healthcare","Biotech","alice-schwartz"
2023,647,"Doris Fisher",1479045000,"fashion-retail",92,"","us","fashion-retail","Gap","doris-fisher"
2023,648,"Alan Gerry",1477310000,"media-entertainment",95,1,"us","media-entertainment","Cable television","alan-gerry"
2023,649,"Alan Miller & family",1474708000,"healthcare",86,1,"us","healthcare","Healthcare services","alan-miller-1"
2023,650,"Henry Engelhardt",1473219000,"finance-investments",65,1,"us","finance-investments","Insurance","henry-engelhardt"
2023,651,"Nelson Peltz",1470910000,"finance-investments",81,1,"us","finance-investments","Investments","nelson-peltz"
2023,652,"Jeff Tangney",1465371000,"healthcare",51,1,"us","healthcare","Healthcare IT","jeff-tangney"
2023,653,"Tony Xu",1463810000,"technology",39,1,"us","technology","food delivery service","tony-xu"
2023,654,"Steve Case",1459838000,"technology",65,1,"us","technology","AOL","steve-case"
2023,655,"Mitchell Jacobson",1454273000,"service",72,1,"us","service","Industrial equipment","mitchell-jacobson"
2023,656,"George Joseph",1452661000,"finance-investments",102,1,"us","finance-investments","Insurance","george-joseph"
2023,657,"Dan Wilks",1445040000,"energy",67,1,"us","energy","Natural gas","dan-wilks"
2023,658,"Ernest Garcia, III",1435866000,"automotive",41,1,"us","automotive","used cars","ernest-garcia-iii"
2023,659,"William Fisher",1425060000,"fashion-retail",66,1,"us","fashion-retail","Gap","william-fisher"
2023,660,"Richard Hayne",1420242000,"fashion-retail",76,1,"us","fashion-retail","Urban Outfitters","richard-hayne"
2023,661,"Mike Speiser",1412517000,"technology",52,1,"us","technology","Software","mike-speiser"
2023,662,"David Paul",1400444000,"healthcare",57,1,"us","healthcare","Medical devices","david-paul"
2023,663,"Martin Selig",1390010000,"real-estate",87,1,"us","real-estate","Real estate","martin-selig"
2023,664,"J. Christopher Flowers",1388887000,"finance-investments",66,1,"us","finance-investments","Investments","j-christopher-flowers"
2023,665,"Max Levchin",1388589000,"finance-investments",48,1,"us","finance-investments","fintech","max-levchin"
2023,666,"Timothy Springer",1385480000,"healthcare",75,1,"us","healthcare","Biotech","timothy-springer"
2023,667,"Farris Wilks",1380906000,"energy",71,1,"us","energy","Natural gas","farris-wilks"
2023,668,"Cameron Winklevoss",1380621000,"finance-investments",42,1,"us","finance-investments","Cryptocurrency","cameron-winklevoss"
2023,669,"Tyler Winklevoss",1380584000,"finance-investments",42,1,"us","finance-investments","Cryptocurrency","tyler-winklevoss"
2023,670,"Jared Smith",1365000000,"technology",49,1,"us","technology","Cloud computing","jared-smith-1"
2023,671,"John Farber",1351978000,"manufacturing",98,1,"us","manufacturing","Chemicals","john-farber"
2023,672,"Mark Pincus",1322604000,"technology",57,1,"us","technology","Online games","mark-pincus"
2023,673,"Stanley Tang",1317519000,"technology",31,1,"us","technology","food delivery app","stanley-tang"
2023,674,"Gregg Hymowitz",1315187000,"finance-investments",58,1,"us","finance-investments","Asset management","gregg-hymowitz"
2023,675,"Joel Greenberg",1315000000,"finance-investments",66,1,"us","finance-investments","Trading;investments","joel-greenberg"
2023,676,"Matthew Roszak",1311418000,"finance-investments",51,1,"us","finance-investments","Cryptocurrency","matthew-roszak"
2023,677,"Sehat Sutardja",1308854000,"technology",62,1,"us","technology","Semiconductors","sehat-sutardja"
2023,678,"Liu Xiucai & family",1304466000,"manufacturing",66,1,"us","manufacturing","Chemicals","liu-xiucai"
2023,679,"Thierry Cruanes",1303375000,"technology",56,1,"us","technology","software","thierry-cruanes"
2023,680,"Andy Fang",1302517000,"technology",31,1,"us","technology","food delivery app","andy-fang"
2023,681,"Jahm Najafi",1296000000,"finance-investments",60,1,"us","finance-investments","Investments","jahm-najafi"
2023,682,"Dean Solon",1294085000,"energy",59,1,"us","energy","Solar systems","dean-solon"
2023,683,"Michael Krasny",1290000000,"technology",70,1,"us","technology","Retail","michael-krasny"
2023,684,"Kenneth Tuchman",1286932000,"service",64,1,"us","service","Call centers","kenneth-tuchman"
2023,685,"Timothy Dunn & family",1284000000,"energy",68,1,"us","energy","Energy","timothy-dunn"
2023,686,"Hua Shen",1283628000,"technology",61,1,"us","technology","Semiconductors","hua-shen"
2023,687,"Richard Saghian",1282000000,"fashion-retail",42,1,"us","fashion-retail","Fast fashion","richard-saghian"
2023,688,"Hal Steinbrenner",1281800000,"sports",55,1,"us","sports","Sports","hal-steinbrenner"
2023,689,"Jennifer Steinbrenner Swindal",1281800000,"sports",64,"","us","sports","Sports","jennifer-steinbrenner-swindal"
2023,690,"Jessica Steinbrenner",1281800000,"sports",59,"","us","sports","Sports","jessica-steinbrenner"
2023,691,"Seth Klarman",1280533000,"finance-investments",66,1,"us","finance-investments","Investments","seth-klarman"
2023,692,"Ryan Graves",1280458000,"technology",40,1,"us","technology","Uber","ryan-graves"
2023,693,"Michael Steinhardt",1277064000,"finance-investments",83,1,"us","finance-investments","Hedge funds","michael-steinhardt"
2023,694,"George Pedersen & family",1264743000,"manufacturing",88,1,"us","manufacturing","Defense contractor","george-pedersen"
2023,695,"Benoit Dageville",1258686000,"technology",57,1,"us","technology","Software","benoit-dageville"
2023,696,"Lloyd Blankfein",1244122000,"finance-investments",69,1,"us","finance-investments","Banking","lloyd-blankfein"
2023,697,"Frederic Luddy",1237984000,"technology",69,1,"us","technology","Software","frederic-luddy"
2023,698,"Weili Dai",1220812000,"technology",62,"","us","technology","Semiconductors","weili-dai"
2023,699,"Gary Tharaldson",1220100000,"service",78,1,"us","service","Hotels","gary-tharaldson"
2023,700,"Joseph Steinberg",1220024000,"finance-investments",79,1,"us","finance-investments","Investments","joseph-steinberg"
2023,701,"Ronald Clarke",1216748000,"technology",68,1,"us","technology","payments technology","ronald-clarke"
2023,702,"Hartley Rogers",1214670000,"finance-investments",64,1,"us","finance-investments","asset management","hartley-rogers"
2023,703,"Michael Rees",1209133000,"finance-investments",48,1,"us","finance-investments","private equity","michael-rees"
2023,704,"Tory Burch",1208578000,"fashion-retail",57,"","us","fashion-retail","Fashion","tory-burch"
2023,705,"Jimmy Rane",1200000000,"manufacturing",77,1,"us","manufacturing","Lumber","jimmy-rane"
2023,706,"Lawrence Golub",1200000000,"finance-investments",64,1,"us","finance-investments","Private equity","lawrence-golub"
2023,707,"Tope Awotona",1200000000,"technology",42,1,"us","technology","Software","tope-awotona"
2023,708,"Bob Muglia",1192938000,"technology",64,1,"us","technology","software","bob-muglia"
2023,709,"Orion Hindawi",1187300000,"technology",43,1,"us","technology","Software","orion-hindawi"
2023,710,"Sun Hongbin",1186005000,"real-estate",61,1,"us","real-estate","real estate","sun-hongbin"
2023,711,"Jeffrey Lorberbaum",1185710000,"manufacturing",69,1,"us","manufacturing","Flooring","jeffrey-lorberbaum"
2023,712,"Noubar Afeyan",1185300000,"healthcare",61,1,"us","healthcare","Biotech","noubar-afeyan"
2023,713,"Darwin Deason",1181700000,"service",83,1,"us","service","Software","darwin-deason"
2023,714,"Magic Johnson",1178260000,"diversified",64,1,"us","diversified","","magic-johnson"
2023,715,"J. Wayne Weaver",1173213000,"diversified",88,1,"us","diversified","Shoes","j-wayne-weaver"
2023,716,"Zachary Stern",1172501000,"food-beverage",41,1,"us","food-beverage","Liquor","zachary-stern"
2023,717,"Thomas Bailey",1166000000,"finance-investments",87,1,"us","finance-investments","Money management","thomas-bailey"
2023,718,"Summerfield Johnston Jr",1155993000,"food-beverage",91,1,"us","food-beverage","Coca-Cola","summerfield-johnston-jr"
2023,719,"John Oyler",1155698000,"healthcare",55,1,"us","healthcare","Biotech","john-oyler"
2023,720,"Robert Langer",1150387000,"healthcare",75,1,"us","healthcare","Biotech","robert-langer"
2023,721,"Taylor Swift",1148310000,"media-entertainment",34,"","us","media-entertainment","music","taylor-swift"
2023,722,"Paul Fireman",1142000000,"fashion-retail",79,1,"us","fashion-retail","Reebok","paul-fireman"
2023,723,"Donald Friese",1140900000,"manufacturing",83,1,"us","manufacturing","Manufacturing","donald-friese"
2023,724,"Sara Blakely",1133228000,"fashion-retail",52,"","us","fashion-retail","Spanx","sara-blakely"
2023,725,"Norma Lerner",1130049000,"finance-investments",87,"","us","finance-investments","Banking","norma-lerner"
2023,726,"Forrest Preston",1129679000,"healthcare",90,1,"us","healthcare","Health care","forrest-preston"
2023,727,"Nancy Lerner",1122483000,"finance-investments",63,"","us","finance-investments","Banking;credit cards","nancy-lerner"
2023,728,"Randolph Lerner",1121034000,"finance-investments",61,1,"us","finance-investments","Banking;credit cards","randolph-lerner"
2023,729,"Adam Foroughi",1120271000,"media-entertainment",43,1,"us","media-entertainment","mobile games","adam-foroughi"
2023,730,"Kevin Plank",1105117000,"fashion-retail",51,1,"us","fashion-retail","Under Armour","kevin-plank"
2023,731,"James Truchard",1104254000,"technology",80,1,"us","technology","software","james-truchard"
2023,732,"David Hindawi",1102900000,"technology",79,1,"us","technology","Software","david-hindawi"
2023,733,"Richard Fairbank",1100457000,"finance-investments",73,1,"us","finance-investments","banking","richard-fairbank"
2023,734,"David Golub",1100000000,"finance-investments",61,1,"us","finance-investments","Private equity","david-golub"
2023,735,"Ryan Breslow",1100000000,"technology",29,1,"us","technology","E-commerce software","ryan-breslow"
2023,736,"Brad Keywell",1092000000,"technology",54,1,"us","technology","Software;investments","brad-keywell"
2023,737,"Tiger Woods",1067000000,"sports",48,1,"us","sports","Golf","tiger-woods"
2023,738,"Larry Fink",1066336000,"finance-investments",71,1,"us","finance-investments","money management","larry-fink"
2023,739,"LeBron James",1048500000,"sports",39,1,"us","sports","Basketball","lebron-james"
2023,740,"John Krystynak",1040555000,"media-entertainment",55,1,"us","media-entertainment","mobile games","john-krystynak"
2023,741,"Jeff Sprecher",1038171000,"finance-investments",68,1,"us","finance-investments","stock exchanges","jeff-sprecher"
2023,742,"David Tran & family",1021381000,"food-beverage",78,1,"us","food-beverage","Hot sauce","david-tran"
2023,743,"Scott Smith",1020000000,"technology",74,1,"us","technology","Cloud computing","scott-smith-1"
2023,744,"Abigail Bennett",1007281000,"food-beverage",43,"","us","food-beverage","Liquor","abigail-bennett"
2023,745,"Andrew Karam",1006746000,"media-entertainment",41,1,"us","media-entertainment","mobile games","andrew-karam"
2023,746,"Joe Kiani",1001036000,"healthcare",59,1,"us","healthcare","Medical devices","joe-kiani"
2023,747,"Tyler Perry",1001000000,"media-entertainment",54,1,"us","media-entertainment","Movies;television","tyler-perry"
2023,748,"Michael S. Smith",1000000000,"energy",68,1,"us","energy","Liquefied natural gas","michael-s-smith"
2023,749,"Richard Kurtz",1000000000,"real-estate",83,1,"us","real-estate","Real estate","richard-kurtz"
2024,1,"Elon Musk",421183785000,"automotive",53,1,"us","automotive","Tesla;SpaceX","elon-musk"
2024,2,"Jeff Bezos",233489254000,"technology",60,1,"us","technology","Amazon","jeff-bezos"
2024,3,"Larry Ellison",209721820000,"technology",80,1,"us","technology","Oracle","larry-ellison"
2024,4,"Mark Zuckerberg",202473789000,"technology",40,1,"us","technology","Facebook","mark-zuckerberg"
2024,5,"Larry Page",156020049000,"technology",51,1,"us","technology","Google","larry-page"
2024,6,"Sergey Brin",148971208000,"technology",51,1,"us","technology","Google","sergey-brin"
2024,7,"Warren Buffett",141686298000,"finance-investments",94,1,"us","finance-investments","Berkshire Hathaway","warren-buffett"
2024,8,"Steve Ballmer",124332187000,"technology",68,1,"us","technology","Microsoft","steve-ballmer"
2024,9,"Jensen Huang",117246230000,"technology",61,1,"us","technology","Semiconductors","jensen-huang"
2024,10,"Michael Dell",115729834000,"technology",59,1,"us","technology","Dell Technologies","michael-dell"
2024,11,"Rob Walton & family",108869894000,"fashion-retail",80,1,"us","fashion-retail","Walmart","rob-walton"
2024,12,"Jim Walton & family",107644785000,"fashion-retail",76,1,"us","fashion-retail","Walmart","jim-walton"
2024,13,"Michael Bloomberg",104660000000,"finance-investments",82,1,"us","finance-investments","Bloomberg LP","michael-bloomberg"
2024,14,"Bill Gates",103303454000,"technology",69,1,"us","technology","Microsoft","bill-gates"
2024,15,"Alice Walton",99946039000,"fashion-retail",75,"","us","fashion-retail","Walmart","alice-walton"
2024,16,"Julia Koch & family",74204000000,"diversified",62,"","us","diversified","Koch;Inc.","julia-koch"
2024,17,"Charles Koch & family",67469000000,"diversified",89,1,"us","diversified","Koch;Inc.","charles-koch"
2024,18,"Thomas Peterffy",53075301000,"finance-investments",80,1,"us","finance-investments","Discount brokerage","thomas-peterffy"
2024,19,"Stephen Schwarzman",50774340000,"finance-investments",77,1,"us","finance-investments","Investments","stephen-schwarzman"
2024,20,"Jeff Yass",49636000000,"finance-investments",66,1,"us","finance-investments","Trading;investments","jeff-yass"
2024,21,"Ken Griffin",45660973000,"finance-investments",56,1,"us","finance-investments","Hedge funds","ken-griffin"
2024,22,"Jacqueline Mars",43140527000,"food-beverage",85,"","us","food-beverage","Candy;pet food","jacqueline-mars"
2024,23,"John Mars",43140527000,"food-beverage",89,1,"us","food-beverage","Candy;pet food","john-mars"
2024,24,"Lukas Walton",37684851000,"fashion-retail",38,1,"us","fashion-retail","Walmart","lukas-walton"
2024,25,"Abigail Johnson",36063238000,"finance-investments",63,"","us","finance-investments","Fidelity","abigail-johnson"
2024,26,"Miriam Adelson & family",34553011000,"gambling-casinos",79,"","us","gambling-casinos","Casinos","miriam-adelson"
2024,27,"Phil Knight & family",34462006000,"fashion-retail",86,1,"us","fashion-retail","Nike","phil-knight"
2024,28,"MacKenzie Scott",30974169000,"technology",54,"","us","technology","Amazon","mackenzie-scott"
2024,29,"Melinda French Gates",29920350000,"technology",60,"","us","technology","Microsoft;investments","melinda-french-gates"
2024,30,"Lyndal Stephens Greth & family",28645007000,"energy",50,"","us","energy","Oil & gas","lyndal-stephens-greth"
2024,31,"Len Blavatnik",28419143000,"diversified",67,1,"us","diversified","Music;chemicals","len-blavatnik"
2024,32,"Elaine Marshall & family",28269000000,"diversified",82,"","us","diversified","Koch Inc.","elaine-marshall"
2024,33,"Eric Schmidt",25567796000,"technology",69,1,"us","technology","Google","eric-schmidt"
2024,34,"Thomas Frist Jr & family",24912718000,"healthcare",86,1,"us","healthcare","Hospitals","thomas-frist-jr"
2024,35,"John Menard Jr",23622859000,"fashion-retail",84,1,"us","fashion-retail","Home improvement stores","john-menard-jr"
2024,36,"Henry Samueli",22940101000,"technology",70,1,"us","technology","Semiconductors","henry-samueli"
2024,37,"Rupert Murdoch & family",22450532000,"media-entertainment",93,1,"us","media-entertainment","Newspapers;TV network","rupert-murdoch"
2024,38,"Diane Hendricks",21863000000,"construction-engineering",77,"","us","construction-engineering","Building supplies","diane-hendricks"
2024,39,"Daniel Gilbert",21587957000,"finance-investments",62,1,"us","finance-investments","Rocket Mortgage","daniel-gilbert"
2024,40,"David Tepper",21341000000,"finance-investments",67,1,"us","finance-investments","Hedge funds","david-tepper"
2024,41,"Steve Cohen",21279839000,"finance-investments",68,1,"us","finance-investments","Hedge funds","steve-cohen"
2024,42,"Donald Bren",18876284000,"real-estate",92,1,"us","real-estate","Real estate","donald-bren"
2024,43,"Henry Nicholas III",18719745000,"technology",65,1,"us","technology","Semiconductors","henry-nicholas-iii"
2024,44,"Harold Hamm & family",18500000000,"energy",79,1,"us","energy","Oil & gas","harold-hamm"
2024,45,"Christy Walton",18320633000,"fashion-retail",75,"","us","fashion-retail","Walmart","christy-walton"
2024,46,"George Roberts",17552678000,"finance-investments",81,1,"us","finance-investments","Private equity","george-roberts"
2024,47,"Leon Black",17027187999,"finance-investments",73,1,"us","finance-investments","Private equity","leon-black"
2024,48,"Stephen Ross",17011419999,"real-estate",84,1,"us","real-estate","Real estate","stephen-ross"
2024,49,"Stanley Kroenke",16946500000,"sports",77,1,"us","sports","Sports;real estate","stanley-kroenke"
2024,50,"Philip Anschutz",16869000000,"finance-investments",85,1,"us","finance-investments","Energy;sports;entertainment","philip-anschutz"
2024,51,"Jerry Jones & family",16678756000,"sports",82,1,"us","sports","Dallas Cowboys","jerry-jones"
2024,52,"Dustin Moskovitz",16418397000,"technology",40,1,"us","technology","Facebook","dustin-moskovitz"
2024,53,"Jan Koum",16330348000,"technology",48,1,"us","technology","WhatsApp","jan-koum"
2024,54,"Robert Pera",16188484000,"technology",46,1,"us","technology","Wireless networking","robert-pera"
2024,55,"John Tu",16130782000,"technology",83,1,"us","technology","Computer hardware","john-tu"
2024,56,"David Sun",16105511000,"technology",73,1,"us","technology","Computer hardware","david-sun"
2024,57,"Laurene Powell Jobs",16082499000,"technology",61,"","us","technology","Apple;Disney","laurene-powell-jobs"
2024,58,"George Kaiser",15989468000,"energy",82,1,"us","energy","Oil & gas;banking","george-kaiser"
2024,59,"Henry Kravis",15796593000,"finance-investments",80,1,"us","finance-investments","Private equity","henry-kravis"
2024,60,"Ernest Garcia II",15643105000,"automotive",67,1,"us","automotive","Used cars","ernest-garcia-ii"
2024,61,"Eric Smidt",15600000000,"fashion-retail",65,1,"us","fashion-retail","Hardware stores","eric-smidt"
2024,62,"John Doerr",14873891000,"finance-investments",73,1,"us","finance-investments","Venture capital","john-doerr"
2024,63,"Peter Thiel",14854677000,"finance-investments",57,1,"us","finance-investments","Facebook;investments","peter-thiel"
2024,64,"Donald Newhouse",14571729000,"media-entertainment",95,1,"us","media-entertainment","Media","donald-newhouse"
2024,65,"Nancy Walton Laurie",14550579000,"fashion-retail",73,"","us","fashion-retail","Walmart","nancy-walton-laurie"
2024,66,"Edward Johnson IV",14213320000,"finance-investments",60,1,"us","finance-investments","Fidelity","edward-johnson-iv"
2024,67,"Israel Englander",14167800000,"finance-investments",76,1,"us","finance-investments","Hedge funds","israel-englander"
2024,68,"David Duffield",14111371000,"technology",84,1,"us","technology","Business software","david-duffield"
2024,69,"Ray Dalio",13996470000,"finance-investments",75,1,"us","finance-investments","Hedge funds","ray-dalio"
2024,70,"Shahid Khan",13305491000,"automotive",74,1,"us","automotive","Auto parts","shahid-khan"
2024,71,"Judy Love & family",13127589000,"fashion-retail",87,"","us","fashion-retail","Gas stations","judy-love"
2024,72,"Antony Ressler",12586103000,"finance-investments",64,1,"us","finance-investments","Finance","antony-ressler"
2024,73,"Ann Walton Kroenke",12538423000,"fashion-retail",76,"","us","fashion-retail","Walmart","ann-walton-kroenke"
2024,74,"Andrew Beal",12369172000,"finance-investments",72,1,"us","finance-investments","Banks;real estate","andrew-beal"
2024,75,"Patrick Ryan",12273954000,"finance-investments",87,1,"us","finance-investments","Insurance","patrick-ryan"
2024,76,"Arthur Dantchik",12268000000,"finance-investments",67,1,"us","finance-investments","Trading;investments","arthur-dantchik"
2024,77,"Elizabeth Johnson",12221120000,"finance-investments",61,"","us","finance-investments","Fidelity","elizabeth-johnson"
2024,78,"Rick Cohen & family",12202097000,"technology",72,1,"us","technology","Warehouse automation","rick-cohen"
2024,79,"J. Christopher Reyes",11968000000,"food-beverage",71,1,"us","food-beverage","Food distribution","j-christopher-reyes"
2024,80,"Jude Reyes",11968000000,"food-beverage",69,1,"us","food-beverage","Food distribution","jude-reyes"
2024,81,"Robert Duggan",11825683000,"healthcare",80,1,"us","healthcare","Pharmaceuticals","robert-duggan"
2024,82,"Robert Kraft",11816274000,"sports",83,1,"us","sports","Manufacturing;New England Patriots","robert-kraft"
2024,83,"David Steward",11394090000,"technology","",1,"us","technology","IT provider","david-steward"
2024,84,"Ken Fisher",11223000000,"finance-investments",74,1,"us","finance-investments","Money management","ken-fisher"
2024,85,"Lin Bin",11134895000,"technology",56,1,"us","technology","Smartphones","lin-bin"
2024,86,"Josh Harris",11014170000,"finance-investments",60,1,"us","finance-investments","Private equity","josh-harris"
2024,87,"Marc Benioff",10978849000,"technology",60,1,"us","technology","Business software","marc-benioff"
2024,88,"Robert F. Smith",10842000000,"finance-investments",62,1,"us","finance-investments","Private equity","robert-f-smith"
2024,89,"Richard Kinder",10820184000,"energy",80,1,"us","energy","Pipelines","richard-kinder"
2024,90,"James Goodnight",10814599000,"technology",81,1,"us","technology","Software","james-goodnight"
2024,91,"Bubba Cathy",10804376000,"food-beverage",70,1,"us","food-beverage","Chick-fil-A","bubba-cathy"
2024,92,"Dan Cathy",10804376000,"food-beverage",71,1,"us","food-beverage","Chick-fil-A","dan-cathy"
2024,93,"Trudy Cathy White",10804376000,"food-beverage",69,"","us","food-beverage","Chick-fil-A","trudy-cathy-white"
2024,94,"Marijke Mars",10790408000,"food-beverage",60,"","us","food-beverage","Candy;pet food","marijke-mars"
2024,95,"Pamela Mars",10790408000,"food-beverage",64,"","us","food-beverage","Candy;pet food","pamela-mars"
2024,96,"Valerie Mars",10790408000,"food-beverage",65,"","us","food-beverage","Candy;pet food","valerie-mars"
2024,97,"Victoria Mars",10790408000,"food-beverage",68,"","us","food-beverage","Candy;pet food","victoria-mars"
2024,98,"Charles Schwab",10784946000,"finance-investments",87,1,"us","finance-investments","Discount brokerage","charles-schwab"
2024,99,"Brian Armstrong",10773632000,"finance-investments",41,1,"us","finance-investments","Cryptocurrency","brian-armstrong"
2024,100,"John Malone",10729127000,"media-entertainment",83,1,"us","media-entertainment","Cable television","john-malone"
2024,101,"Ralph Lauren",10691731000,"fashion-retail",85,1,"us","fashion-retail","Apparel","ralph-lauren"
2024,102,"Michael Rubin",10629000000,"fashion-retail",52,1,"us","fashion-retail","Online retail","michael-rubin"
2024,103,"Robert Rowling",10612413000,"service",71,1,"us","service","Hotels;investments","robert-rowling"
2024,104,"Tilman Fertitta",10338094000,"food-beverage",67,1,"us","food-beverage","Entertainment;Houston Rockets","tilman-fertitta"
2024,105,"Carl Cook",10300898000,"healthcare",62,1,"us","healthcare","Medical devices","carl-cook"
2024,106,"Jay Chaudhry",10273278000,"technology",65,1,"us","technology","Security software","jay-chaudhry"
2024,107,"Leonard Lauder",10243122000,"fashion-retail",91,1,"us","fashion-retail","Estee Lauder","leonard-lauder"
2024,108,"Harry Stine & Family",10235000000,"food-beverage",83,1,"us","food-beverage","Agriculture","harry-stine-family"
2024,109,"Pierre Omidyar",10216802000,"technology",57,1,"us","technology","EBay;PayPal","pierre-omidyar"
2024,110,"Jonathan Gray",10027048000,"finance-investments",54,1,"us","finance-investments","Investments","jonathan-gray"
2024,111,"Orlando Bravo",9830477000,"finance-investments",54,1,"us","finance-investments","Private equity","orlando-bravo"
2024,112,"Jack Dangermond",9779276000,"technology",79,1,"us","technology","Mapping software","jack-dangermond"
2024,113,"Adam Foroughi",9727450000,"technology",44,1,"us","technology","marketing software;mobile games","adam-foroughi"
2024,114,"Michael Kim",9641240000,"finance-investments",61,1,"us","finance-investments","Private equity","michael-kim"
2024,115,"Leo KoGuan",9520490000,"technology",69,1,"us","technology","IT provider","leo-koguan"
2024,116,"Gabe Newell",9503000000,"media-entertainment",62,1,"us","media-entertainment","Video games","gabe-newell"
2024,117,"Todd Graves",9473000000,"food-beverage",52,1,"us","food-beverage","Fast food","todd-graves"
2024,118,"Brad Jacobs",9383532000,"logistics",68,1,"us","logistics","Logistics","brad-jacobs"
2024,119,"Tom Gores",9351000000,"finance-investments",60,1,"us","finance-investments","Private equity","tom-gores"
2024,120,"John Morris",9298165000,"fashion-retail",76,1,"us","fashion-retail","Sporting goods retail","john-morris"
2024,121,"Ramzi Musallam",9199000000,"finance-investments",56,1,"us","finance-investments","Private equity","ramzi-musallam"
2024,122,"Arthur Blank",9193506000,"sports",82,1,"us","sports","Home Depot","arthur-blank"
2024,123,"Mat Ishbia",9178450000,"finance-investments",44,1,"us","finance-investments","Mortgage lender","mat-ishbia"
2024,124,"William Ackman",9083392000,"finance-investments",58,1,"us","finance-investments","Hedge funds","william-ackman"
2024,125,"Micky Arison",9023981000,"service",75,1,"us","service","Carnival Cruises","micky-arison"
2024,126,"Brian Chesky",9005784000,"technology",43,1,"us","technology","Airbnb","brian-chesky"
2024,127,"Leonard Stern",8993073000,"real-estate",86,1,"us","real-estate","Real estate","leonard-stern"
2024,128,"Ken Langone",8976939000,"finance-investments",89,1,"us","finance-investments","Investments","ken-langone"
2024,129,"Charles Butt",8934600000,"fashion-retail",86,1,"us","fashion-retail","Supermarkets","charles-butt"
2024,130,"Randa Duncan Williams",8915162000,"energy",63,"","us","energy","Pipelines","randa-duncan-williams"
2024,131,"Vinod Khosla",8895422000,"technology",69,1,"us","technology","Sun Microsystems;venture capital","vinod-khosla"
2024,132,"Mark Stevens",8874543000,"finance-investments",64,1,"us","finance-investments","Venture capital","mark-stevens"
2024,133,"Dannine Avara",8870324000,"energy",60,"","us","energy","Pipelines","dannine-avara"
2024,134,"Milane Frantz",8857276000,"energy",55,"","us","energy","Pipelines","milane-frantz"
2024,135,"Nathan Blecharczyk",8782951000,"technology",41,1,"us","technology","Airbnb","nathan-blecharczyk"
2024,136,"Steven Rales",8666586000,"manufacturing",73,1,"us","manufacturing","Manufacturing;investments","steven-rales"
2024,137,"Marc Rowan",8656273000,"finance-investments",62,1,"us","finance-investments","Private equity","marc-rowan"
2024,138,"Elisabeth DeLuca & family",8628862000,"food-beverage",77,"","us","food-beverage","Subway","elisabeth-deluca"
2024,139,"Scott Duncan",8626021000,"energy",42,1,"us","energy","Pipelines","scott-duncan"
2024,140,"Douglas Leone",8608512000,"finance-investments",67,1,"us","finance-investments","Venture capital","douglas-leone"
2024,141,"David Geffen",8608390000,"media-entertainment",81,1,"us","media-entertainment","Movies;record labels","david-geffen"
2024,142,"Bruce Kovner",8581000000,"finance-investments",79,1,"us","finance-investments","Hedge funds","bruce-kovner"
2024,143,"Todd Boehly",8492000000,"finance-investments",51,1,"us","finance-investments","Finance","todd-boehly"
2024,144,"Jimmy Haslam",8472000000,"fashion-retail",70,1,"us","fashion-retail","Gas stations;retail","jimmy-haslam"
2024,145,"Igor Olenicoff",8313221000,"real-estate",82,1,"us","real-estate","Real estate","igor-olenicoff"
2024,146,"Tamara Gustavson",8307200999,"service",63,"","us","service","Self storage","tamara-gustavson"
2024,147,"Ronda Stryker",8229619000,"healthcare",70,"","us","healthcare","Medical equipment","ronda-stryker"
2024,148,"Joe Gebbia",8131955000,"technology",43,1,"us","technology","Airbnb","joe-gebbia"
2024,149,"Paul Tudor Jones II",8075000000,"finance-investments",70,1,"us","finance-investments","Hedge funds","paul-tudor-jones-ii"
2024,150,"Les Wexner & family",7906031000,"fashion-retail",87,1,"us","fashion-retail","Retail","les-wexner"
2024,151,"Jeff Greene",7905412000,"real-estate",70,1,"us","real-estate","Real estate;investments","jeff-greene"
2024,152,"John Brown",7824003000,"healthcare",90,1,"us","healthcare","Medical equipment","john-brown"
2024,153,"David Shaw",7771000000,"finance-investments",73,1,"us","finance-investments","Hedge funds","david-shaw"
2024,154,"Don Hankey",7755000000,"finance-investments",81,1,"us","finance-investments","Auto loans","don-hankey"
2024,155,"Judy Faulkner",7739060000,"technology",81,"","us","technology","Healthcare software","judy-faulkner"
2024,156,"Kelcy Warren",7717566000,"energy",69,1,"us","energy","Pipelines","kelcy-warren"
2024,157,"Terrence Pegula",7633748000,"energy",73,1,"us","energy","Natural gas","terrence-pegula"
2024,158,"Thomas Hagen & family",7630311000,"finance-investments",89,1,"us","finance-investments","Insurance","thomas-hagen"
2024,159,"Michael Saylor",7624312000,"technology",59,1,"us","technology","Cryptocurrency","michael-saylor"
2024,160,"Dan Friedkin",7577933000,"automotive",59,1,"us","automotive","Toyota dealerships","dan-friedkin"
2024,161,"Edward Roski Jr",7572578000,"real-estate",86,1,"us","real-estate","Real estate","edward-roski-jr"
2024,162,"Neil Bluhm",7504558000,"real-estate",86,1,"us","real-estate","Real estate","neil-bluhm"
2024,163,"Stephen Bisciotti",7499000000,"sports",64,1,"us","sports","Staffing;Baltimore Ravens","stephen-bisciotti"
2024,164,"Charles Simonyi",7487203000,"technology",76,1,"us","technology","Microsoft","charles-simonyi"
2024,165,"Chris Larsen",7486028000,"finance-investments",64,1,"us","finance-investments","Cryptocurrency","chris-larsen"
2024,166,"Karen Pritzker",7454153000,"finance-investments",66,"","us","finance-investments","Hotels;investments","karen-pritzker"
2024,167,"David Siegel",7356000000,"finance-investments",63,1,"us","finance-investments","Hedge funds","david-siegel-1"
2024,168,"John Overdeck",7356000000,"finance-investments",55,1,"us","finance-investments","Hedge funds","john-overdeck"
2024,169,"Dennis Washington",7347846000,"logistics",90,1,"us","logistics","Construction;mining","dennis-washington"
2024,170,"Lynsi Snyder",7330500000,"food-beverage",42,"","us","food-beverage","In-N-Out Burger","lynsi-snyder"
2024,171,"Pauline MacMillan Keinath",7283355000,"food-beverage",91,"","us","food-beverage","Cargill","pauline-macmillan-keinath"
2024,172,"Alexander Karp",7256837000,"technology",57,1,"us","technology","Software firm","alexander-karp"
2024,173,"George Soros",7166000000,"finance-investments",94,1,"us","finance-investments","Hedge funds","george-soros"
2024,174,"Jeffery Hildebrand",7165285000,"energy",65,1,"us","energy","Oil & gas","jeffery-hildebrand"
2024,175,"Andrew Karam",7165142000,"technology",42,1,"us","technology","marketing software;mobile games","andrew-karam"
2024,176,"Doug Meijer & family",7164401000,"fashion-retail",70,1,"us","fashion-retail","Supermarkets","doug-meijer"
2024,177,"Hank Meijer & family",7164401000,"fashion-retail",72,1,"us","fashion-retail","Supermarkets","hank-meijer"
2024,178,"Mark Meijer & family",7164401000,"fashion-retail",67,1,"us","fashion-retail","Supermarkets","mark-meijer"
2024,179,"Robert Rich Jr",7086238000,"food-beverage",83,1,"us","food-beverage","Frozen foods","robert-rich-jr"
2024,180,"Michael Milken",7049000000,"finance-investments",78,1,"us","finance-investments","Investments","michael-milken"
2024,181,"Joe Mansueto",7042323000,"finance-investments",68,1,"us","finance-investments","Investment research","joe-mansueto"
2024,182,"Jim Kavanaugh",7036000000,"technology",62,1,"us","technology","IT provider","jim-kavanaugh"
2024,183,"Ty Warner",7027697000,"real-estate",80,1,"us","real-estate","Plush toys;real estate","ty-warner"
2024,184,"William Goldring & family",7000000000,"food-beverage",81,1,"us","food-beverage","Liquor","william-goldring"
2024,185,"Edythe Broad & family",6997985000,"diversified",89,"","us","diversified","Homebuilding;insurance","edythe-broad"
2024,186,"Thai Lee",6958776000,"technology",66,"","us","technology","IT provider","thai-lee"
2024,187,"Thomas Pritzker",6957064000,"finance-investments",74,1,"us","finance-investments","Hotels;investments","thomas-pritzker"
2024,188,"Stanley Druckenmiller",6915000000,"finance-investments",71,1,"us","finance-investments","Hedge funds","stanley-druckenmiller"
2024,189,"Ray Lee Hunt",6853614000,"energy",81,1,"us","energy","Oil;real estate","ray-lee-hunt"
2024,190,"Jim Davis & family",6813057000,"manufacturing",81,1,"us","manufacturing","New Balance","jim-davis"
2024,191,"Robert Ziff",6781839000,"finance-investments",58,1,"us","finance-investments","Investments","robert-ziff"
2024,192,"Daniel Ziff",6781830000,"finance-investments",53,1,"us","finance-investments","Investments","daniel-ziff"
2024,193,"Dirk Ziff",6781830000,"finance-investments",60,1,"us","finance-investments","Investments","dirk-ziff"
2024,194,"Michael Moritz",6778921000,"finance-investments",70,1,"us","finance-investments","Venture capital","michael-moritz"
2024,195,"Scott Cook",6720764000,"technology",72,1,"us","technology","Software","scott-cook"
2024,196,"Min Kao & family",6699843000,"technology",75,1,"us","technology","Navigation equipment","min-kao"
2024,197,"Denise York & family",6658000000,"sports",74,"","us","sports","San Francisco 49ers","denise-york"
2024,198,"Ken Xie",6635304000,"technology",61,1,"us","technology","Cybersecurity","ken-xie"
2024,199,"Blair Parry-Okeden",6584079000,"media-entertainment",74,"","us","media-entertainment","Media;automotive","blair-parry-okeden"
2024,200,"Gayle Benson",6579907000,"sports",77,"","us","sports","New Orleans Saints","gayle-benson"
2024,201,"Jim Kennedy",6556525000,"media-entertainment",77,1,"us","media-entertainment","Media;automotive","jim-kennedy"
2024,202,"Ron Baron",6511406000,"finance-investments",81,1,"us","finance-investments","Money management","ron-baron"
2024,203,"Tom Golisano",6470710000,"service",83,1,"us","service","Payroll services","tom-golisano"
2024,204,"George Kurtz",6460954000,"technology",54,1,"us","technology","Security software","george-kurtz"
2024,205,"Philippe Laffont",6458800000,"finance-investments",57,1,"us","finance-investments","Hedge fund","philippe-laffont"
2024,206,"Gary Rollins & family",6440045000,"service",80,1,"us","service","Pest control","gary-rollins"
2024,207,"Sami Mnaymneh",6401000000,"finance-investments",63,1,"us","finance-investments","Private equity","sami-mnaymneh"
2024,208,"Tony Tamer",6401000000,"finance-investments",67,1,"us","finance-investments","Private equity","tony-tamer"
2024,209,"Fred Smith",6359688000,"logistics",80,1,"us","logistics","FedEx","fred-smith-1"
2024,210,"Jeff T. Green",6326475000,"media-entertainment",47,1,"us","media-entertainment","Digital advertising","jeff-t-green"
2024,211,"Lynda Resnick",6291000000,"food-beverage",81,"","us","food-beverage","Agriculture","lynda-resnick"
2024,212,"Stewart Resnick",6291000000,"food-beverage",88,1,"us","food-beverage","Agriculture","stewart-resnick"
2024,213,"Rocco Commisso",6289766000,"telecom",75,1,"us","telecom","Telecom","rocco-commisso"
2024,214,"Ronald Wanek",6273220000,"manufacturing",83,1,"us","manufacturing","Furniture","ronald-wanek"
2024,215,"Joseph Liemandt",6224400000,"technology",56,1,"us","technology","Software","joseph-liemandt"
2024,216,"Paul Singer",6213000000,"finance-investments",80,1,"us","finance-investments","Hedge funds","paul-singer"
2024,217,"Reinhold Schmieding",6210218000,"healthcare",69,1,"us","healthcare","Medical devices","reinhold-schmieding"
2024,218,"Janice McNair & family",6202129000,"sports",88,"","us","sports","Energy;sports","janice-mcnair"
2024,219,"Roger Penske",6189035000,"automotive",87,1,"us","automotive","Cars","roger-penske"
2024,220,"Ernest Garcia, III",6174010000,"automotive",42,1,"us","automotive","Used cars","ernest-garcia-iii"
2024,221,"Mark Walter",6046932000,"finance-investments",64,1,"us","finance-investments","Finance;asset management","mark-walter"
2024,222,"John Henry",6033000000,"sports",75,1,"us","sports","Sports","john-henry"
2024,223,"James Clark",6026339000,"technology",80,1,"us","technology","Netscape;investments","james-clark"
2024,224,"Donald Trump",6008125000,"real-estate",78,1,"us","real-estate","Real estate","donald-trump"
2024,225,"Archie Aldis Emmerson & family",5994204000,"manufacturing",95,1,"us","manufacturing","Timberland;lumber mills","archie-aldis-emmerson"
2024,226,"Chase Coleman III",5992000000,"finance-investments",49,1,"us","finance-investments","Investments","chase-coleman-iii"
2024,227,"Rakesh Gangwal",5964988000,"service",71,1,"us","service","Airline","rakesh-gangwal"
2024,228,"Tench Coxe",5950523000,"finance-investments",66,1,"us","finance-investments","Venture capital","tench-coxe"
2024,229,"Elizabeth Uihlein",5833807000,"manufacturing",79,"","us","manufacturing","Packaging materials","elizabeth-uihlein"
2024,230,"Richard Uihlein",5833807000,"manufacturing",79,1,"us","manufacturing","Packaging materials","richard-uihlein"
2024,231,"Robert Hale Jr",5833000000,"telecom",58,1,"us","telecom","Telecom","robert-hale-jr"
2024,232,"Robert Bass",5826497000,"energy",76,1,"us","energy","Oil;investments","robert-bass"
2024,233,"Herbert Wertheim",5797643000,"finance-investments",85,1,"us","finance-investments","Investments","herbert-wertheim"
2024,234,"Rick Caruso",5780103000,"real-estate",65,1,"us","real-estate","Real estate","rick-caruso"
2024,235,"Tim Sweeney",5742000000,"media-entertainment",54,1,"us","media-entertainment","Video games","tim-sweeney"
2024,236,"Mark Cuban",5738228000,"media-entertainment",66,1,"us","media-entertainment","Online media;Dallas Mavericks","mark-cuban"
2024,237,"Dan Kurzius",5701015000,"technology",53,1,"us","technology","Email marketing","dan-kurzius"
2024,238,"Jeff Rothschild",5684860000,"technology",70,1,"us","technology","Facebook","jeff-rothschild"
2024,239,"Patrick Soon-Shiong",5670279000,"healthcare",72,1,"us","healthcare","Pharmaceuticals","patrick-soon-shiong"
2024,240,"Michael Xie",5648681000,"technology",55,1,"us","technology","Cybersecurity","michael-xie"
2024,241,"Annette Lerner & family",5641620000,"real-estate",94,"","us","real-estate","Real estate","annette-lerner"
2024,242,"Peter Cancro",5632000000,"food-beverage",67,1,"us","food-beverage","Jersey Mike's Subs","peter-cancro"
2024,243,"John A. Sobrato & family",5610008000,"real-estate",85,1,"us","real-estate","Real estate","john-a-sobrato"
2024,244,"Edward Stack & family",5582250000,"fashion-retail",70,1,"us","fashion-retail","Dick's Sporting Goods","edward-stack"
2024,245,"Don Vultaggio & family",5520858000,"food-beverage",72,1,"us","food-beverage","Beverages","don-vultaggio"
2024,246,"Mitchell Morgan & family",5500887000,"real-estate",70,1,"us","real-estate","Real estate","mitchell-morgan"
2024,247,"Jon Stryker",5428845000,"healthcare",66,1,"us","healthcare","Medical equipment","jon-stryker"
2024,248,"Jim Coulter",5415362000,"finance-investments",65,1,"us","finance-investments","Private equity","jim-coulter"
2024,249,"Steve Lavin & family",5414000000,"food-beverage",69,1,"us","food-beverage","Meat processing","steve-lavin"
2024,250,"Thomas Secunda",5390000000,"finance-investments",70,1,"us","finance-investments","Bloomberg LP","thomas-secunda"
2024,251,"John Sall",5336371000,"technology",76,1,"us","technology","Software","john-sall"
2024,252,"Jeffrey Lurie & family",5320000000,"sports",73,1,"us","sports","Philadelphia Eagles","jeffrey-lurie"
2024,253,"Steven Spielberg",5294500000,"media-entertainment",78,1,"us","media-entertainment","Movies","steven-spielberg"
2024,254,"Margot Birmingham Perot",5286265000,"technology",91,"","us","technology","Computer services;real estate","margot-birmingham-perot"
2024,255,"Jean (Gigi) Pritzker",5271459000,"service",62,"","us","service","Hotels;investments","jean-gigi-pritzker"
2024,256,"Trevor Rees-Jones",5262580000,"energy",73,1,"us","energy","Oil & gas","trevor-rees-jones"
2024,257,"Bert Beveridge",5241603000,"food-beverage",63,1,"us","food-beverage","Vodka","bert-beveridge"
2024,258,"George Lucas",5216905000,"media-entertainment",80,1,"us","media-entertainment","Star Wars","george-lucas"
2024,259,"Jayshree Ullal",5204654000,"technology",63,"","us","technology","Computer networking","jayshree-ullal"
2024,260,"Jeff Skoll",5167835000,"technology",59,1,"us","technology","EBay","jeff-skoll"
2024,261,"Vincent Viola",5163289000,"finance-investments",68,1,"us","finance-investments","Electronic trading","vincent-viola"
2024,262,"Reed Hastings",5159184000,"technology",64,1,"us","technology","Netflix","reed-hastings"
2024,263,"Dagmar Dolby & family",5154183000,"technology",83,"","us","technology","Dolby Laboratories","dagmar-dolby"
2024,264,"Russ Weiner",5151000000,"food-beverage",54,1,"us","food-beverage","Energy drinks","russ-weiner"
2024,265,"Herb Simon",5141890000,"real-estate",90,1,"us","real-estate","Real estate","herb-simon"
2024,266,"Bill Haslam",5131000000,"fashion-retail",66,1,"us","fashion-retail","Gas stations","bill-haslam"
2024,267,"Mark Shoen",5097140000,"automotive",74,1,"us","automotive","U-Haul","mark-shoen"
2024,268,"Jack Dorsey",5092852000,"technology",48,1,"us","technology","Twitter;Square","jack-dorsey"
2024,269,"Ben Chestnut",5075561000,"technology",50,1,"us","technology","Email marketing","ben-chestnut"
2024,270,"Li Ge",5074011000,"healthcare",58,1,"us","healthcare","Pharmaceuticals","li-ge"
2024,271,"Arturo Moreno",5060924000,"sports",78,1,"us","sports","Billboards;Los Angeles Angels","arturo-moreno"
2024,272,"Gordon Getty & family",5049495000,"energy",91,1,"us","energy","Getty Oil","gordon-getty"
2024,273,"Sanjit Biswas",5020913000,"technology",42,1,"us","technology","Sensor systems","sanjit-biswas"
2024,274,"William Berkley",5020756000,"finance-investments",78,1,"us","finance-investments","Insurance","william-berkley"
2024,275,"George Bishop",5000962000,"energy",87,1,"us","energy","Oil & gas","george-bishop"
2024,276,"Romesh T. Wadhwani",4991100000,"technology",77,1,"us","technology","Software","romesh-t-wadhwani"
2024,277,"Stephen Feinberg",4976000000,"finance-investments",64,1,"us","finance-investments","Private equity","stephen-feinberg"
2024,278,"Robert Faith",4966331000,"real-estate",61,1,"us","real-estate","Real estate management","robert-faith"
2024,279,"Eric Yuan & family",4949127000,"technology",54,1,"us","technology","Zoom Video Communications","eric-yuan"
2024,280,"Hamilton James & family",4940139000,"finance-investments",73,1,"us","finance-investments","Investments","hamilton-james"
2024,281,"John Bicket",4900025000,"technology",44,1,"us","technology","Sensor systems","john-bicket"
2024,282,"Justin Ishbia",4896944000,"finance-investments",47,1,"us","finance-investments","Private equity","justin-ishbia"
2024,283,"Isaac Perlmutter",4895000000,"media-entertainment",82,1,"us","media-entertainment","Marvel comics","isaac-perlmutter"
2024,284,"Martha Ingram & family",4859958000,"media-entertainment",89,"","us","media-entertainment","Book distribution;transportation","martha-ingram"
2024,285,"James Irsay",4825800000,"sports",65,1,"us","sports","Indianapolis Colts","james-irsay"
2024,286,"Charles B. Johnson",4788038000,"finance-investments",91,1,"us","finance-investments","Franklin Templeton","charles-b-johnson"
2024,287,"Peter Kellogg",4721801000,"finance-investments",82,1,"us","finance-investments","Investments","peter-kellogg"
2024,288,"Ronald Lauder",4702321000,"fashion-retail",80,1,"us","fashion-retail","Estee Lauder","ronald-lauder"
2024,289,"Barry Diller",4671240000,"media-entertainment",82,1,"us","media-entertainment","Online media","barry-diller"
2024,290,"Daniel D'Aniello",4646789000,"finance-investments",78,1,"us","finance-investments","Private equity","daniel-daniello"
2024,291,"Jeremy Jacobs Sr & family",4639087000,"service",84,1,"us","service","Food service","jeremy-jacobs-sr"
2024,292,"Helen Johnson-Leipold",4627263000,"manufacturing",68,"","us","manufacturing","Cleaning products","helen-johnson-leipold"
2024,293,"Gwendolyn Sontheim Meyer",4604546000,"food-beverage",63,"","us","food-beverage","Cargill","gwendolyn-sontheim-meyer"
2024,294,"H. Ross Perot Jr",4601667000,"real-estate",66,1,"us","real-estate","Real estate","h-ross-perot-jr"
2024,295,"Winifred J. Marquart",4554576000,"manufacturing",65,"","us","manufacturing","Cleaning products","winifred-j-marquart"
2024,296,"H. Fisk Johnson",4539748000,"manufacturing",66,1,"us","manufacturing","Cleaning products","h-fisk-johnson"
2024,297,"S. Curtis Johnson",4538533000,"manufacturing",69,1,"us","manufacturing","Cleaning products","s-curtis-johnson"
2024,298,"Mitchell Rales",4524381000,"manufacturing",68,1,"us","manufacturing","Manufacturing;investments","mitchell-rales"
2024,299,"John Catsimatidis",4509000000,"energy",76,1,"us","energy","Oil;real estate","john-catsimatidis"
2024,300,"Dan Snyder",4496000000,"sports",60,1,"us","sports","Washington Commanders","dan-snyder"
2024,301,"Lynn Schusterman & family",4472288000,"energy",85,"","us","energy","Oil & gas;investments","lynn-schusterman"
2024,302,"Rajiv Jain",4464538000,"finance-investments",56,1,"us","finance-investments","Finance","rajiv-jain"
2024,303,"Jon Yarbrough",4444883000,"gambling-casinos",67,1,"us","gambling-casinos","Gambling machines","jon-yarbrough"
2024,304,"Johnelle Hunt",4444515000,"logistics",92,"","us","logistics","Trucking","johnelle-hunt"
2024,305,"E. Joe Shoen",4434565000,"automotive",75,1,"us","automotive","U-Haul","e-joe-shoen"
2024,306,"Steven Klinsky",4417000000,"finance-investments",68,1,"us","finance-investments","Investments","steven-klinsky"
2024,307,"José E. Feliciano",4412000000,"finance-investments",51,1,"us","finance-investments","Private equity","jose-e-feliciano"
2024,308,"Gail Miller",4406200000,"automotive",81,"","us","automotive","Car dealerships","gail-miller"
2024,309,"Thomas Siebel",4406139000,"technology",72,1,"us","technology","Business software","thomas-siebel"
2024,310,"Steven Udvar-Hazy",4395705000,"service",78,1,"us","service","Aircraft leasing","steven-udvar-hazy"
2024,311,"Behdad Eghbali",4391500000,"finance-investments",48,1,"us","finance-investments","Private equity","behdad-eghbali"
2024,312,"Carl Thoma",4379898000,"finance-investments",76,1,"us","finance-investments","Private equity","carl-thoma"
2024,313,"Richard Schulze",4377278000,"fashion-retail",83,1,"us","fashion-retail","Best Buy","richard-schulze"
2024,314,"James Chambers",4371683000,"media-entertainment",67,1,"us","media-entertainment","Media;automotive","james-chambers"
2024,315,"Margaretta Taylor",4370983000,"media-entertainment",82,"","us","media-entertainment","Media;automotive","margaretta-taylor"
2024,316,"Katharine Rayner",4360821000,"media-entertainment",79,"","us","media-entertainment","Media;automotive","katharine-rayner"
2024,317,"Donald Sterling",4326061000,"real-estate",90,1,"us","real-estate","Real estate","donald-sterling"
2024,318,"David Filo",4299000000,"technology",58,1,"us","technology","Yahoo","david-filo"
2024,319,"Jim Davis",4283000000,"service",64,1,"us","service","Staffing & recruiting","jim-davis-1"
2024,320,"Penny Pritzker",4154024000,"finance-investments",65,"","us","finance-investments","Hotels;investments","penny-pritzker"
2024,321,"Austen Cargill II",4149365000,"food-beverage",73,1,"us","food-beverage","Cargill","austen-cargill-ii"
2024,322,"James Cargill II",4149365000,"food-beverage",75,1,"us","food-beverage","Cargill","james-cargill-ii"
2024,323,"Marianne Liebmann",4149365000,"food-beverage",71,"","us","food-beverage","Cargill","marianne-liebmann"
2024,324,"William Conway Jr",4131662000,"finance-investments",75,1,"us","finance-investments","Private equity","william-conway-jr"
2024,325,"Andrew Bialecki",4104425000,"technology",39,1,"us","technology","Marketing software","andrew-bialecki"
2024,326,"Albert Chao & family",4097323999,"manufacturing",75,1,"us","manufacturing","Chemicals;building products","albert-chao"
2024,327,"Dorothy Chao Jenkins & family",4097323999,"manufacturing",79,"","us","manufacturing","Chemicals;building products","dorothy-chao-jenkins"
2024,328,"James Chao & family",4097323999,"manufacturing",77,1,"us","manufacturing","Chemicals;building products","james-chao"
2024,329,"Anthony Pritzker",4096843000,"service",63,1,"us","service","Hotels;investments","anthony-pritzker"
2024,330,"John Middleton",4092000000,"food-beverage",69,1,"us","food-beverage","Tobacco","john-middleton"
2024,331,"Neal Aronson",4084200000,"finance-investments",59,1,"us","finance-investments","Private equity","neal-aronson"
2024,332,"J. Joe Ricketts & family",4068602000,"finance-investments",83,1,"us","finance-investments","TD Ameritrade","j-joe-ricketts"
2024,333,"Carl Icahn",4062742000,"finance-investments",88,1,"us","finance-investments","Investments","carl-icahn"
2024,334,"J. Tomilson Hill",3998300000,"finance-investments",76,1,"us","finance-investments","Investments","j-tomilson-hill"
2024,335,"John Krystynak",3996210000,"technology",56,1,"us","technology","marketing software;mobile games","john-krystynak"
2024,336,"David Rubenstein",3977005000,"finance-investments",75,1,"us","finance-investments","Private equity","david-rubenstein"
2024,337,"Eren Ozmen",3971752000,"manufacturing",66,"","us","manufacturing","Aerospace","eren-ozmen"
2024,338,"Drayton McLane Jr",3958730000,"fashion-retail",88,1,"us","fashion-retail","Walmart;logistics","drayton-mclane-jr"
2024,339,"Catherine Lozick",3946000000,"manufacturing",79,"","us","manufacturing","Valve manufacturing","catherine-lozick"
2024,340,"Rodger Riney & family",3939825000,"finance-investments",79,1,"us","finance-investments","Discount brokerage","rodger-riney"
2024,341,"Daniel Och",3937000000,"finance-investments",63,1,"us","finance-investments","Hedge funds","daniel-och"
2024,342,"Pat Stryker",3926874000,"healthcare",68,"","us","healthcare","Medical equipment","pat-stryker"
2024,343,"Nick Caporella",3919282000,"food-beverage",88,1,"us","food-beverage","Beverages","nick-caporella"
2024,344,"Bom Kim",3906815000,"technology",46,1,"us","technology","Online retailing","bom-kim"
2024,345,"Joseph Grendys",3895328000,"food-beverage",63,1,"us","food-beverage","Poultry processing","joseph-grendys"
2024,346,"Bob Parsons",3887000000,"technology",74,1,"us","technology","Web hosting","bob-parsons"
2024,347,"J. Hyatt Brown",3880872000,"finance-investments",87,1,"us","finance-investments","Insurance","j-hyatt-brown"
2024,348,"Marian Ilitch",3873100000,"food-beverage",91,"","us","food-beverage","Little Caesars Pizza","marian-ilitch"
2024,349,"Mary Alice Dorrance Malone",3864182000,"food-beverage",74,"","us","food-beverage","Campbell Soup","mary-alice-dorrance-malone"
2024,350,"Mike Brown & family",3854000000,"sports",89,1,"us","sports","Cincinnati Bengals","mike-brown-1"
2024,351,"Charles Zegar",3845000000,"finance-investments",76,1,"us","finance-investments","Bloomberg LP","charles-zegar"
2024,352,"Stewart Rahr",3844832000,"healthcare",78,1,"us","healthcare","Drug distribution","stewart-rahr"
2024,353,"Leonid Radvinsky",3824000000,"technology",42,1,"us","technology","OnlyFans","leonid-radvinsky"
2024,354,"Todd Wanek",3819899000,"manufacturing",60,1,"us","manufacturing","Furniture","todd-wanek"
2024,355,"John Paulson",3818000000,"finance-investments",69,1,"us","finance-investments","Hedge funds","john-paulson"
2024,356,"Ray Davis",3816235000,"energy",83,1,"us","energy","Pipelines","ray-davis"
2024,357,"Fatih Ozmen",3815112000,"manufacturing",66,1,"us","manufacturing","Aerospace","fatih-ozmen"
2024,358,"Rupert Johnson Jr",3813245000,"finance-investments",84,1,"us","finance-investments","Franklin Templeton","rupert-johnson-jr"
2024,359,"Josh Kushner",3811000000,"finance-investments",39,1,"us","finance-investments","Venture capital","josh-kushner"
2024,360,"Pablo Legorreta",3809845000,"finance-investments",61,1,"us","finance-investments","Investments","pablo-legorreta"
2024,361,"Andrew Cherng",3781363000,"food-beverage",77,1,"us","food-beverage","Fast food","andrew-cherng-1"
2024,362,"Peggy Cherng",3781363000,"food-beverage",77,"","us","food-beverage","Fast food","peggy-cherng"
2024,363,"Scott Crabill",3778687000,"finance-investments",54,1,"us","finance-investments","Private equity","scott-crabill"
2024,364,"Alan Trefler",3772320000,"technology",68,1,"us","technology","Software","alan-trefler"
2024,365,"Amos Hostetter Jr",3766063000,"media-entertainment",87,1,"us","media-entertainment","Cable television","amos-hostetter-jr"
2024,366,"Ira Rennert",3762000000,"finance-investments",90,1,"us","finance-investments","Investments","ira-rennert"
2024,367,"Meg Whitman",3750342000,"technology",68,"","us","technology","EBay","meg-whitman"
2024,368,"Holden Spaht",3743498000,"finance-investments",50,1,"us","finance-investments","Private equity","holden-spaht"
2024,369,"David Baszucki",3729991000,"media-entertainment",61,1,"us","media-entertainment","Online games","david-baszucki"
2024,370,"Seth Boro",3729113000,"finance-investments",49,1,"us","finance-investments","Private equity","seth-boro"
2024,371,"Matthew Prince",3715577000,"technology",50,1,"us","technology","Cybersecurity","matthew-prince"
2024,372,"Byron Trott",3709000000,"finance-investments",66,1,"us","finance-investments","Investments","byron-trott"
2024,373,"Stewart Horejsi & family",3689811000,"finance-investments",87,1,"us","finance-investments","Berkshire Hathaway","stewart-horejsi"
2024,374,"Thomas Tull",3686054000,"media-entertainment",54,1,"us","media-entertainment","Movies;investments","thomas-tull"
2024,375,"J.B. Pritzker",3670154000,"finance-investments",59,1,"us","finance-investments","Hotels;investments","jb-pritzker"
2024,376,"Eleanor Butt Crook & family",3669300000,"fashion-retail",92,"","us","fashion-retail","Supermarkets","eleanor-butt-crook"
2024,377,"David Murdock",3661381000,"food-beverage",101,1,"us","food-beverage","Dole;real estate","david-murdock"
2024,378,"Steve Wynn",3654000000,"gambling-casinos",82,1,"us","gambling-casinos","Casinos;hotels","steve-wynn"
2024,379,"Eric Lefkofsky",3647500000,"technology",55,1,"us","technology","Groupon;investments","eric-lefkofsky"
2024,380,"Edward DeBartolo Jr",3641567000,"real-estate",78,1,"us","real-estate","Shopping centers","edward-debartolo-jr"
2024,381,"Maggie Hardy",3623341000,"service",59,"","us","service","Building materials","maggie-hardy"
2024,382,"Walter Wang",3613709000,"manufacturing",60,1,"us","manufacturing","Manufacturing","walter-wang-1"
2024,383,"Todd Christopher",3609000000,"fashion-retail",62,1,"us","fashion-retail","Hair care products","todd-christopher"
2024,384,"Sid Bass",3575835000,"energy",82,1,"us","energy","Oil;investments","sid-bass"
2024,385,"Richard Peery",3566771000,"real-estate",86,1,"us","real-estate","Real estate","richard-peery"
2024,386,"Travis Kalanick",3562000000,"technology",48,1,"us","technology","Uber","travis-kalanick"
2024,387,"Scott Kapnick",3558000000,"finance-investments",65,1,"us","finance-investments","Private equity","scott-kapnick"
2024,388,"Peter Gassner",3517977000,"technology",59,1,"us","technology","Software","peter-gassner"
2024,389,"Michael Jordan",3512000000,"sports","",1,"us","sports","Charlotte Hornets;endorsements","michael-jordan"
2024,390,"Norman Braman",3456828000,"automotive",92,1,"us","automotive","Art;car dealerships","norman-braman"
2024,391,"Travis Boersma",3441067000,"food-beverage",54,1,"us","food-beverage","Coffee","travis-boersma"
2024,392,"Thomas James",3439971000,"finance-investments",82,1,"us","finance-investments","Finance","thomas-james"
2024,393,"Brian Acton",3435000000,"technology",52,1,"us","technology","WhatsApp","brian-acton"
2024,394,"Ron Burkle",3433396000,"finance-investments",72,1,"us","finance-investments","Supermarkets;investments","ron-burkle"
2024,395,"C. Dean Metropoulos",3411971000,"food-beverage",78,1,"us","food-beverage","Investments","c-dean-metropoulos"
2024,396,"Jonathan Nelson",3395800000,"finance-investments",68,1,"us","finance-investments","Private equity","jonathan-nelson"
2024,397,"William Wrigley Jr",3371850000,"food-beverage",61,1,"us","food-beverage","Chewing gum","william-wrigley-jr"
2024,398,"Warren Stephens",3352414000,"finance-investments",67,1,"us","finance-investments","Investment banking","warren-stephens"
2024,399,"Phillip T. (Terry) Ragon",3351212000,"technology",75,1,"us","technology","Health IT","phillip-t-terry-ragon"
2024,400,"Bill Alfond",3321865000,"fashion-retail",76,1,"us","fashion-retail","Shoes","bill-alfond"
2024,401,"Susan Alfond",3321865000,"fashion-retail",79,"","us","fashion-retail","Shoes","susan-alfond"
2024,402,"Ted Alfond",3321865000,"fashion-retail",80,1,"us","fashion-retail","Shoes","ted-alfond"
2024,403,"Robert Johnson & family",3318638000,"sports",77,1,"us","sports","Johnson & Johnson;New York Jets","robert-johnson-3"
2024,404,"Robert Sands",3294359000,"food-beverage",66,1,"us","food-beverage","Liquor","robert-sands"
2024,405,"Hayes Barnard",3289000000,"finance-investments",52,1,"us","finance-investments","Fintech","hayes-barnard"
2024,406,"Howard Schultz",3281010000,"food-beverage",71,1,"us","food-beverage","Starbucks","howard-schultz"
2024,407,"Willis Johnson",3280260000,"automotive",77,1,"us","automotive","Damaged cars","willis-johnson"
2024,408,"Bennett Dorrance",3263812000,"food-beverage",78,1,"us","food-beverage","Campbell Soup","bennett-dorrance"
2024,409,"James Duff",3259700000,"diversified",63,1,"us","diversified","Tires;diversified","james-duff"
2024,410,"Thomas Duff",3259700000,"diversified",68,1,"us","diversified","Tires;diversified","thomas-duff"
2024,411,"Jay Paul",3244941000,"real-estate",77,1,"us","real-estate","Real estate","jay-paul"
2024,412,"George Argyros & family",3237632000,"real-estate",87,1,"us","real-estate","Real estate;investments","george-argyros"
2024,413,"Frank VanderSloot",3209499000,"fashion-retail",76,1,"us","fashion-retail","Nutrition;wellness products","frank-vandersloot"
2024,414,"Doug Ostrover",3207633000,"finance-investments",62,1,"us","finance-investments","Private equity","doug-ostrover"
2024,415,"Nicolas Berggruen",3206000000,"real-estate",63,1,"us","real-estate","Real estate;investments","nicolas-berggruen"
2024,416,"Daniel Loeb",3201481000,"finance-investments",63,1,"us","finance-investments","Hedge funds","daniel-loeb"
2024,417,"Neal Blue & family",3198300000,"manufacturing",89,1,"us","manufacturing","Defense","neal-blue"
2024,418,"Aneel Bhusri",3179232000,"technology",58,1,"us","technology","Business software","aneel-bhusri"
2024,419,"Scott Nuttall",3144150000,"finance-investments",52,1,"us","finance-investments","Private equity","scott-nuttall"
2024,420,"Rodney Sacks & family",3133213000,"food-beverage",75,1,"us","food-beverage","Energy drinks","rodney-sacks"
2024,421,"David Blitzer",3123200000,"sports",55,1,"us","sports","Sports","david-blitzer"
2024,422,"Robert Friedland",3119283000,"metals-mining",74,1,"us","metals-mining","Mining","robert-friedland"
2024,423,"John Fisher",3110073000,"fashion-retail",63,1,"us","fashion-retail","Gap","john-fisher"
2024,424,"Haim Saban",3109402000,"media-entertainment",80,1,"us","media-entertainment","TV network;investments","haim-saban"
2024,425,"Lorenzo Fertitta",3091990000,"sports",55,1,"us","sports","Casinos;mixed martial arts","lorenzo-fertitta"
2024,426,"Scott Shleifer",3085000000,"finance-investments",47,1,"us","finance-investments","Private equity","scott-shleifer"
2024,427,"Alexis Lê-Quôc",3076923000,"technology",50,1,"us","technology","Cloud computing","alexis-le-quoc"
2024,428,"Frank Fertitta III",3076170000,"sports",62,1,"us","sports","Casinos;mixed martial arts","frank-fertitta-iii"
2024,429,"Kevin Systrom",3060938000,"technology",41,1,"us","technology","Instagram","kevin-systrom"
2024,430,"Theodore Leonsis",3057645000,"sports",68,1,"us","sports","Sports teams","theodore-leonsis"
2024,431,"Fred Ehrsam",3056959000,"finance-investments",36,1,"us","finance-investments","cryptocurrency exchange","fred-ehrsam"
2024,432,"Wesley Edens",3055257000,"finance-investments",63,1,"us","finance-investments","Investments","wesley-edens"
2024,433,"Riley Bechtel & family",3054341000,"construction-engineering",72,1,"us","construction-engineering","Engineering;construction","riley-bechtel"
2024,434,"Kavitark Ram Shriram",3046493000,"technology",67,1,"us","technology","Google;venture capital","kavitark-ram-shriram"
2024,435,"Sean Parker",3041032000,"technology",45,1,"us","technology","Facebook","sean-parker"
2024,436,"Evan Spiegel",3029692000,"technology",34,1,"us","technology","Snapchat","evan-spiegel"
2024,437,"Vincent McMahon",3024364000,"sports",79,1,"us","sports","Entertainment","vincent-mcmahon"
2024,438,"John Paul DeJoria",3012200000,"fashion-retail",80,1,"us","fashion-retail","Hair products;tequila","john-paul-dejoria"
2024,439,"Jeffrey Talpins",3000000000,"finance-investments",49,1,"us","finance-investments","Hedge fund","jeffrey-talpins"
2024,440,"Oprah Winfrey",2967950000,"media-entertainment",70,"","us","media-entertainment","TV shows","oprah-winfrey"
2024,441,"John Arnold",2933000000,"finance-investments",50,1,"us","finance-investments","Hedge funds","john-arnold"
2024,442,"Jeff Tangney",2930706000,"healthcare",52,1,"us","healthcare","Healthcare IT","jeff-tangney"
2024,443,"Robert Clark",2911365000,"construction-engineering",65,1,"us","construction-engineering","Construction","robert-clark"
2024,444,"Richard Sands",2904061000,"food-beverage",73,1,"us","food-beverage","Liquor","richard-sands"
2024,445,"William Stone",2884431000,"technology",69,1,"us","technology","Software","william-stone"
2024,446,"Joseph Bae",2878349000,"finance-investments",52,1,"us","finance-investments","Private equity","joseph-bae"
2024,447,"Glenn Dubin",2864000000,"finance-investments",67,1,"us","finance-investments","Hedge funds","glenn-dubin"
2024,448,"Glen Taylor",2861484000,"service",83,1,"us","service","Printing","glen-taylor"
2024,449,"Jed McCaleb",2850000000,"finance-investments",50,1,"us","finance-investments","Cryptocurrency","jed-mccaleb"
2024,450,"Herb Chambers",2831399000,"automotive",83,1,"us","automotive","Car dealerships","herb-chambers"
2024,451,"Bill Austin",2821618000,"manufacturing",82,1,"us","manufacturing","Hearing aids","bill-austin"
2024,452,"Wayne Rothbaum",2787978000,"healthcare",56,1,"us","healthcare","Biotech investing","wayne-rothbaum"
2024,453,"Stephen Deckoff",2784539000,"finance-investments",59,1,"us","finance-investments","Private equity","stephen-deckoff"
2024,454,"Leon G. Cooperman",2781000000,"finance-investments",81,1,"us","finance-investments","Hedge funds","leon-g-cooperman"
2024,455,"Barry Sternlicht",2780359000,"finance-investments",64,1,"us","finance-investments","Private equity","barry-sternlicht"
2024,456,"Bernard Saul II & family",2780118000,"finance-investments",92,1,"us","finance-investments","Banking;real estate","bernard-saul-ii"
2024,457,"John Tyson & family",2773850000,"food-beverage",71,1,"us","food-beverage","Food processing","john-tyson"
2024,458,"Frank Slootman",2763810000,"technology",66,1,"us","technology","Software","frank-slootman"
2024,459,"Felix Baker",2756000000,"finance-investments",55,1,"us","finance-investments","Biotech investing","felix-baker"
2024,460,"Julian Baker",2755000000,"finance-investments",58,1,"us","finance-investments","Biotech investing","julian-baker"
2024,461,"Steven Sarowitz",2737297000,"technology",59,1,"us","technology","Payroll software","steven-sarowitz"
2024,462,"August Troendle",2704618000,"healthcare",69,1,"us","healthcare","Pharmaceutical services","august-troendle"
2024,463,"Cameron Winklevoss",2701000000,"finance-investments",43,1,"us","finance-investments","Cryptocurrency","cameron-winklevoss"
2024,464,"Tyler Winklevoss",2701000000,"finance-investments",43,1,"us","finance-investments","Cryptocurrency","tyler-winklevoss"
2024,465,"John Pritzker",2699000000,"finance-investments",71,1,"us","finance-investments","Hotels;investments","john-pritzker"
2024,466,"Kenneth Feld & family",2694623000,"media-entertainment",76,1,"us","media-entertainment","Live entertainment","kenneth-feld"
2024,467,"Jeff Sutton",2689892000,"real-estate",64,1,"us","real-estate","Real estate","jeff-sutton"
2024,468,"Brad Kelley",2689283000,"real-estate",68,1,"us","real-estate","Tobacco","brad-kelley"
2024,469,"Phil Ruffin",2686674000,"diversified",89,1,"us","diversified","Casinos;real estate","phil-ruffin"
2024,470,"David Booth",2677162000,"finance-investments",79,1,"us","finance-investments","Mutual funds","david-booth"
2024,471,"Dwight Schar",2673258000,"construction-engineering",82,1,"us","construction-engineering","Homebuilding;NFL team","dwight-schar"
2024,472,"Tony Xu",2670441000,"technology",40,1,"us","technology","food delivery service","tony-xu"
2024,473,"Mortimer Zuckerman",2661748000,"real-estate",87,1,"us","real-estate","Real estate;media","mortimer-zuckerman"
2024,474,"Jerry Yang",2634947000,"technology",56,1,"us","technology","Yahoo","jerry-yang"
2024,475,"Gerald Ford",2630817000,"finance-investments",80,1,"us","finance-investments","Banking","gerald-ford"
2024,476,"Richard LeFrak & family",2626525000,"real-estate",79,1,"us","real-estate","Real estate","richard-lefrak"
2024,477,"Daniel Pritzker",2616614000,"finance-investments",65,1,"us","finance-investments","Hotels;investments","daniel-pritzker"
2024,478,"William Boyd & family",2610563000,"gambling-casinos",93,1,"us","gambling-casinos","Casinos;banking","william-boyd"
2024,479,"Henry Laufer",2600000000,"finance-investments",79,1,"us","finance-investments","Hedge funds","henry-laufer"
2024,480,"Daniel Sundheim",2586000000,"finance-investments",47,1,"us","finance-investments","Hedge funds","daniel-sundheim"
2024,481,"William Young",2582000000,"manufacturing",84,1,"us","manufacturing","Plastics","william-young"
2024,482,"Leonard Schleifer",2581673000,"healthcare",72,1,"us","healthcare","Pharmaceuticals","leonard-schleifer"
2024,483,"Howard Butt III & family",2577000000,"fashion-retail",72,1,"us","fashion-retail","Supermarkets","howard-butt-iii"
2024,484,"Stephen Butt & family",2577000000,"fashion-retail",69,1,"us","fashion-retail","Supermarkets","stephen-butt"
2024,485,"Reid Hoffman",2563546000,"technology",57,1,"us","technology","LinkedIn","reid-hoffman"
2024,486,"Roy Carroll II",2552941000,"real-estate",62,1,"us","real-estate","Real estate","roy-carroll-ii"
2024,487,"Charles Ergen",2551737000,"media-entertainment",71,1,"us","media-entertainment","Satellite TV","charles-ergen"
2024,488,"Jamie Dimon",2548301000,"finance-investments",68,1,"us","finance-investments","Banking","jamie-dimon"
2024,489,"Ted Turner",2529200000,"media-entertainment",86,1,"us","media-entertainment","Cable television","ted-turner"
2024,490,"Bobby Murphy",2526473000,"technology",36,1,"us","technology","Snapchat","bobby-murphy"
2024,491,"Patrick Hanrahan",2523790000,"technology",69,1,"us","technology","Software","patrick-hanrahan"
2024,492,"Edward Bass",2516037000,"energy",79,1,"us","energy","Oil;investments","edward-bass"
2024,493,"Alejandro Santo Domingo",2513078000,"food-beverage",47,1,"us","food-beverage","Beer","alejandro-santo-domingo"
2024,494,"Jay-Z",2507530000,"media-entertainment",55,1,"us","media-entertainment","Music","jay-z"
2024,495,"Michael Novogratz",2504000000,"finance-investments",60,1,"us","finance-investments","Investments;cryptocurrency","michael-novogratz"
2024,496,"Michael Polsky",2500000000,"energy",76,1,"us","energy","Electric power","michael-polsky"
2024,497,"Joseph Edelman",2498000000,"finance-investments",69,1,"us","finance-investments","Hedge funds","joseph-edelman"
2024,498,"Bennett Rosenthal",2493394000,"finance-investments",61,1,"us","finance-investments","Finance","bennett-rosenthal"
2024,499,"Stephen Mandel Jr",2451500000,"finance-investments",68,1,"us","finance-investments","Hedge funds","stephen-mandel-jr"
2024,500,"Roger Wang",2446149000,"fashion-retail",76,1,"us","fashion-retail","Retail","roger-wang"
2024,501,"S. Daniel Abraham",2443960000,"food-beverage",100,1,"us","food-beverage","Slim-Fast","s-daniel-abraham"
2024,502,"Barbara Tyson",2405285000,"food-beverage",75,"","us","food-beverage","Food processing","barbara-tyson"
2024,503,"Jimmy John Liautaud",2400000000,"food-beverage",60,1,"us","food-beverage","Sandwich chain","jimmy-john-liautaud"
2024,504,"Baiju Bhatt",2399662000,"finance-investments",40,1,"us","finance-investments","Stock trading app","baiju-bhatt"
2024,505,"Duke Reyes",2395000000,"food-beverage",67,1,"us","food-beverage","Beer distribution","duke-reyes"
2024,506,"David Kaplan",2391810000,"finance-investments",57,1,"us","finance-investments","Finance","david-kaplan"
2024,507,"Steve Case",2387561000,"technology",66,1,"us","technology","AOL","steve-case"
2024,508,"Bruce Karsh",2386387000,"finance-investments",69,1,"us","finance-investments","Private equity","bruce-karsh"
2024,509,"Palmer Luckey",2382921000,"technology",32,1,"us","technology","Virtual reality;defense technology","palmer-luckey"
2024,510,"Alice Schwartz",2376671000,"healthcare",98,"","us","healthcare","Biotech","alice-schwartz"
2024,511,"Jim Crane",2374000000,"sports",70,1,"us","sports","Logistics;baseball","jim-crane"
2024,512,"Henry Davis",2370000000,"food-beverage",73,1,"us","food-beverage","Beef processing","henry-davis"
2024,513,"Susan Ocampo & family",2364272000,"technology",66,"","us","technology","Semiconductors","susan-ocampo"
2024,514,"David Walentas",2348400000,"real-estate",86,1,"us","real-estate","Real estate","david-walentas"
2024,515,"Daniel Lubetzky",2324000000,"food-beverage",56,1,"us","food-beverage","Snack bars","daniel-lubetzky"
2024,516,"Michael Arougheti",2320451000,"finance-investments",52,1,"us","finance-investments","Finance","michael-arougheti"
2024,517,"Tim Cook",2305500000,"technology",64,1,"us","technology","Apple","tim-cook"
2024,518,"Vlad Tenev",2303068000,"finance-investments",37,1,"us","finance-investments","Stock trading app","vlad-tenev"
2024,519,"Timothy Boyle",2300767000,"fashion-retail",75,1,"us","fashion-retail","Columbia Sportswear","timothy-boyle"
2024,520,"Anthony Casalena",2298793000,"technology",42,1,"us","technology","Software","anthony-casalena"
2024,521,"Paul Saville",2297064000,"real-estate",69,1,"us","real-estate","Homebuilder","paul-saville"
2024,522,"Marc Lipschultz",2294374000,"finance-investments",55,1,"us","finance-investments","Private equity","marc-lipschultz"
2024,523,"Egon Durban",2275000000,"finance-investments",51,1,"us","finance-investments","Private equity","egon-durban"
2024,524,"Greg Mondre",2275000000,"finance-investments",50,1,"us","finance-investments","Private equity","greg-mondre"
2024,525,"Kenneth Hao",2275000000,"finance-investments",56,1,"us","finance-investments","Private equity","kenneth-hao"
2024,526,"Stefan Soloviev",2274501000,"real-estate",49,1,"us","real-estate","Real estate;grains","stefan-soloviev"
2024,527,"John Fish",2271000000,"construction-engineering",64,1,"us","construction-engineering","Construction","john-fish"
2024,528,"Mark Davis",2270000000,"sports",69,1,"us","sports","Las Vegas Raiders","mark-davis-1"
2024,529,"Joel Greenberg",2269000000,"finance-investments",67,1,"us","finance-investments","Trading;investments","joel-greenberg"
2024,530,"Drew Houston",2268755000,"technology",41,1,"us","technology","Cloud storage service","drew-houston"
2024,531,"Leonard Abess",2259910000,"finance-investments",76,1,"us","finance-investments","Banking","leonard-abess"
2024,532,"Tom Ford",2248000000,"fashion-retail",63,1,"us","fashion-retail","Fashion","tom-ford-1"
2024,533,"Sheryl Sandberg",2245897000,"technology",55,"","us","technology","Facebook","sheryl-sandberg"
2024,534,"Lee Bass",2232599000,"energy",68,1,"us","energy","Oil;investments","lee-bass"
2024,535,"Kamal Ghaffarian",2231358000,"energy",66,1,"us","energy","Space;energy","kamal-ghaffarian"
2024,536,"Noam Gottesman",2228296000,"finance-investments",63,1,"us","finance-investments","Hedge funds","noam-gottesman"
2024,537,"Jerry Speyer & family",2219312000,"real-estate",84,1,"us","real-estate","Real estate","jerry-speyer"
2024,538,"Jorge Mas",2218394000,"construction-engineering",61,1,"us","construction-engineering","Construction","jorge-mas"
2024,539,"Henry Swieca",2216178000,"finance-investments",67,1,"us","finance-investments","Hedge funds","henry-swieca"
2024,540,"Ryan Smith",2215000000,"technology",46,1,"us","technology","Cloud computing","ryan-smith"
2024,541,"Michael Rees",2203340000,"finance-investments",49,1,"us","finance-investments","Private equity","michael-rees"
2024,542,"Jeffrey Michael & family",2189597000,"technology",68,1,"us","technology","Data management","jeffrey-michael"
2024,543,"Lawrence Golub",2188100000,"finance-investments",65,1,"us","finance-investments","Private equity","lawrence-golub"
2024,544,"Jennifer Pritzker",2187592000,"finance-investments",74,"","us","finance-investments","Hotels;investments","jennifer-pritzker"
2024,545,"Howard Marks",2183883000,"finance-investments",78,1,"us","finance-investments","Private equity","howard-marks"
2024,546,"Timothy Dunn & family",2178000000,"energy",69,1,"us","energy","Energy","timothy-dunn"
2024,547,"Larry Robbins",2164000000,"finance-investments",55,1,"us","finance-investments","Hedge funds","larry-robbins"
2024,548,"James Scapa",2161807000,"technology",67,1,"us","technology","Software","james-scapa"
2024,549,"Tor Peterson",2151921000,"metals-mining",60,1,"us","metals-mining","Commodities","tor-peterson"
2024,550,"Alec Gores",2148416000,"finance-investments",71,1,"us","finance-investments","Private equity","alec-gores"
2024,551,"Jonathan Tisch",2137159000,"diversified",71,1,"us","diversified","Loews;New York Giants","jonathan-tisch"
2024,552,"James Leprino",2131184000,"food-beverage",87,1,"us","food-beverage","Cheese","james-leprino"
2024,553,"Jerry Reinsdorf",2128000000,"sports",88,1,"us","sports","Sports teams","jerry-reinsdorf"
2024,554,"A. Jayson Adair",2122639000,"automotive",55,1,"us","automotive","Damaged cars","a-jayson-adair"
2024,555,"Frank Laukien",2115643000,"manufacturing",64,1,"us","manufacturing","Scientific equipment","frank-laukien"
2024,556,"James Dinan",2114000000,"finance-investments",65,1,"us","finance-investments","Hedge funds","james-dinan"
2024,557,"Anita Zucker",2112929999,"manufacturing",72,"","us","manufacturing","Chemicals","anita-zucker"
2024,558,"T. Denny Sanford",2099414000,"finance-investments",89,1,"us","finance-investments","Banking;credit cards","t-denny-sanford"
2024,559,"Safra Catz",2098781000,"technology",63,"","us","technology","Software","safra-catz"
2024,560,"B. Wayne Hughes Jr",2095664000,"real-estate",65,1,"us","real-estate","Storage facilities","b-wayne-hughes-jr"
2024,561,"Phillip Frost",2092257999,"healthcare",88,1,"us","healthcare","Pharmaceuticals","phillip-frost"
2024,562,"David Zalik",2088572999,"technology",50,1,"us","technology","Financial technology","david-zalik"
2024,563,"Dan Wilks",2084315000,"energy",68,1,"us","energy","Natural gas","dan-wilks"
2024,564,"David Golub",2080600000,"finance-investments",62,1,"us","finance-investments","Private equity","david-golub"
2024,565,"David Paul",2073420999,"healthcare",58,1,"us","healthcare","Medical devices","david-paul"
2024,566,"Edward Lampert",2066629000,"finance-investments",62,1,"us","finance-investments","Sears","edward-lampert"
2024,567,"Joe Lacob",2059199999,"sports",68,1,"us","sports","Golden State Warriors","joe-lacob"
2024,568,"Charles Cohen",2056108000,"real-estate",72,1,"us","real-estate","Real estate","charles-cohen"
2024,569,"Tim Draper",2049000000,"finance-investments",66,1,"us","finance-investments","cryptocurrency","tim-draper"
2024,570,"David Adelman",2048000000,"real-estate",52,1,"us","real-estate","Real estate;asset management","david-adelman"
2024,571,"Craig McCaw",2037806000,"telecom",75,1,"us","telecom","Telecom","craig-mccaw"
2024,572,"Raj Sardana",2034800000,"technology",64,1,"us","technology","Technology services","raj-sardana"
2024,573,"Gary Friedman",2030721000,"fashion-retail",67,1,"us","fashion-retail","Furniture retail","gary-friedman"
2024,574,"Thomas Steyer",2029757000,"finance-investments",67,1,"us","finance-investments","Hedge funds","thomas-steyer"
2024,575,"Marcelo Claure",2029506000,"telecom",54,1,"us","telecom","Cell phone distribution","marcelo-claure"
2024,576,"Elaine Wynn",2021962000,"gambling-casinos",82,"","us","gambling-casinos","Casinos;hotels","elaine-wynn"
2024,577,"Joseph Steinberg",2021326000,"finance-investments",80,1,"us","finance-investments","Investments","joseph-steinberg"
2024,578,"Tom Werner",2017500000,"sports",74,1,"us","sports","Sports teams","tom-werner-1"
2024,579,"George Joseph",2017425000,"finance-investments",103,1,"us","finance-investments","Insurance","george-joseph"
2024,580,"Linda Pritzker",2015958000,"service",71,"","us","service","Hotels;investments","linda-pritzker"
2024,581,"Amy Adams Strunk",2008000000,"sports",69,"","us","sports","Tennessee Titans","amy-adams-strunk"
2024,582,"Farris Wilks",2004175000,"energy",72,1,"us","energy","Natural gas","farris-wilks"
2024,583,"Richard Hayne",2001969000,"fashion-retail",77,1,"us","fashion-retail","Urban Outfitters","richard-hayne"
2024,584,"David Lichtenstein",1996614000,"real-estate",63,1,"us","real-estate","Real estate","david-lichtenstein"
2024,585,"Clifford Asness",1988000000,"finance-investments",58,1,"us","finance-investments","Money management","clifford-asness"
2024,586,"Gary Chouest & family",1985658000,"logistics",80,1,"us","logistics","Shipping","gary-chouest"
2024,587,"Amy Wyss",1979000000,"healthcare",54,"","us","healthcare","Medical equipment","amy-wyss"
2024,588,"Alexandra Daitch",1977831000,"food-beverage",62,"","us","food-beverage","Cargill","alexandra-daitch"
2024,589,"Lucy Stitzer",1977831000,"food-beverage",65,"","us","food-beverage","Cargill","lucy-stitzer"
2024,590,"Sarah MacMillan",1977831000,"food-beverage",71,"","us","food-beverage","Cargill","sarah-macmillan"
2024,591,"Charlotte Colket Weber",1974874000,"food-beverage",82,"","us","food-beverage","Campbell Soup","charlotte-colket-weber"
2024,592,"John Goff",1966490000,"real-estate",69,1,"us","real-estate","Real estate","john-goff"
2024,593,"Parker Conrad",1966000000,"technology",44,1,"us","technology","Software","parker-conrad"
2024,594,"William Foley II",1963932000,"finance-investments",80,1,"us","finance-investments","Financial services","william-foley-ii"
2024,595,"Larry Connor & family",1955853000,"real-estate",74,1,"us","real-estate","Real estate","larry-connor"
2024,596,"Alexandr Wang",1955000000,"technology",27,1,"us","technology","artificial intelligence","alexandr-wang"
2024,597,"Geoffrey Palmer",1952451000,"real-estate",74,1,"us","real-estate","Real estate","geoffrey-palmer"
2024,598,"Stephen Orenstein & family",1951961000,"diversified",61,1,"us","diversified","Supply chain services","stephen-orenstein"
2024,599,"William Koch",1951000000,"energy",84,1,"us","energy","Oil;investments","william-koch"
2024,600,"Christopher Goldsbury",1950591000,"food-beverage",82,1,"us","food-beverage","Salsa","christopher-goldsbury"
2024,601,"Riaz Valani",1925000000,"finance-investments",48,1,"us","finance-investments","E-cigarettes","riaz-valani"
2024,602,"Terry Taylor",1923640000,"automotive",73,1,"us","automotive","Car dealerships","terry-taylor"
2024,603,"Leslie Alexander",1923000000,"sports",81,1,"us","sports","Sports team","leslie-alexander"
2024,604,"John Abele",1919016000,"healthcare",87,1,"us","healthcare","Healthcare","john-abele"
2024,605,"Todd Wagner",1915607000,"media-entertainment",64,1,"us","media-entertainment","Online media","todd-wagner"
2024,606,"Evan Williams",1912903000,"technology",52,1,"us","technology","Twitter","evan-williams"
2024,607,"David Hoffmann",1911966000,"diversified",72,1,"us","diversified","Executive search;investments","david-hoffmann"
2024,608,"Anthony Wood",1904927000,"technology",59,1,"us","technology","Roku","anthony-wood"
2024,609,"Keith Dunleavy & family",1898876000,"healthcare",55,1,"us","healthcare","Health IT","keith-dunleavy"
2024,610,"Mario Gabelli",1886556000,"finance-investments",82,1,"us","finance-investments","Money management","mario-gabelli"
2024,611,"Ingrid Wu",1886491000,"manufacturing","","","us","manufacturing","Manufacturing","ingrid-wu"
2024,612,"Marc Lasry",1878053000,"finance-investments",64,1,"us","finance-investments","Hedge funds","marc-lasry"
2024,613,"Daniel Hirschfeld",1875122000,"fashion-retail",83,1,"us","fashion-retail","Fashion retail","daniel-hirschfeld"
2024,614,"Itzhak Ezratti & family",1872509000,"real-estate",72,1,"us","real-estate","Homebuilding","itzhak-ezratti"
2024,615,"Wilma Tisch",1867114000,"diversified",97,"","us","diversified","Loews","wilma-tisch"
2024,616,"Jane Lauder",1865076000,"fashion-retail",52,"","us","fashion-retail","Estée Lauder","jane-lauder"
2024,617,"Ronald Perelman",1855007000,"finance-investments",82,1,"us","finance-investments","Leveraged buyouts","ronald-perelman"
2024,618,"Marc Andreessen",1854944000,"finance-investments","",1,"us","finance-investments","Venture capital investing","marc-andreessen"
2024,619,"James Leininger",1852041000,"healthcare",79,1,"us","healthcare","Medical products","james-leininger"
2024,620,"Herbert Allen Jr & family",1844692000,"finance-investments",84,1,"us","finance-investments","Investment banking","herbert-allen-jr"
2024,621,"Matthew Roszak",1837000000,"finance-investments",52,1,"us","finance-investments","Cryptocurrency","matthew-roszak"
2024,622,"Jim McKelvey",1825966000,"technology",59,1,"us","technology","Mobile payments","jim-mckelvey"
2024,623,"Brian Roberts",1817618000,"media-entertainment",65,1,"us","media-entertainment","Comcast","brian-roberts"
2024,624,"Alfred West Jr",1814591000,"finance-investments",82,1,"us","finance-investments","Money management","alfred-west-jr"
2024,625,"Irving Grousbeck & family",1814000000,"sports",90,1,"us","sports","Telecommunication;sports","irving-grousbeck"
2024,626,"Brian Higgins",1800000000,"finance-investments",59,1,"us","finance-investments","Hedge funds","brian-higgins"
2024,627,"O. Francis Biondi",1800000000,"finance-investments",60,1,"us","finance-investments","Hedge funds","o-francis-biondi"
2024,628,"Duncan MacMillan",1793000000,"finance-investments",87,1,"us","finance-investments","Bloomberg LP","duncan-macmillan"
2024,629,"Chad Richison",1783675000,"technology",54,1,"us","technology","Payroll processing","chad-richison"
2024,630,"Alan Miller & family",1774727000,"healthcare",87,1,"us","healthcare","Healthcare services","alan-miller-1"
2024,631,"James France",1771443000,"sports",80,1,"us","sports","Nascar;racing","james-france"
2024,632,"Jerry Moyes & family",1765751000,"logistics",80,1,"us","logistics","Transportation","jerry-moyes"
2024,633,"Gary Michelson",1764100000,"healthcare",75,1,"us","healthcare","Medical patents","gary-michelson"
2024,634,"Jared Isaacman",1761642000,"technology",41,1,"us","technology","Payment processing","jared-isaacman"
2024,635,"Jim Breyer",1758551000,"finance-investments",63,1,"us","finance-investments","Venture capital","jim-breyer"
2024,636,"Max Levchin",1757710000,"finance-investments",49,1,"us","finance-investments","fintech","max-levchin"
2024,637,"Stanley Hubbard",1745986000,"media-entertainment",91,1,"us","media-entertainment","DirecTV","stanley-hubbard"
2024,638,"Kim Kardashian",1741000000,"fashion-retail",44,"","us","fashion-retail","Shapewear;skincare","kim-kardashian"
2024,639,"Don Levin",1738200000,"manufacturing",73,1,"us","manufacturing","rolling papers","don-levin"
2024,640,"Gregg Hymowitz",1728947000,"finance-investments",59,1,"us","finance-investments","Asset management","gregg-hymowitz"
2024,641,"Matthew Pritzker",1698000000,"diversified",42,1,"us","diversified","Hotels;investments","matthew-pritzker"
2024,642,"Robert Fisher",1692159000,"fashion-retail",71,1,"us","fashion-retail","Gap","robert-fisher"
2024,643,"Ben Silbermann",1683462000,"media-entertainment",42,1,"us","media-entertainment","Social media","ben-silbermann"
2024,644,"Peter Sperling",1678000000,"service",65,1,"us","service","Education","peter-sperling"
2024,645,"Ron Corio",1678000000,"energy",63,1,"us","energy","Solar","ron-corio"
2024,646,"Jorge Perez",1673000000,"real-estate",75,1,"us","real-estate","Real estate","jorge-perez"
2024,647,"Avram Glazer",1671000000,"sports",64,1,"us","sports","Manchester United;Tampa Bay Buccaneers","avram-glazer"
2024,648,"Bryan Glazer",1671000000,"sports",60,1,"us","sports","Manchester United;Tampa Bay Buccaneers","bryan-glazer"
2024,649,"Darcie Glazer Kassewitz",1671000000,"sports",56,"","us","sports","Manchester United;Tampa Bay Buccaneers","darcie-glazer-kassewitz"
2024,650,"Edward Glazer",1671000000,"sports",55,1,"us","sports","Manchester United;Tampa Bay Buccaneers","edward-glazer"
2024,651,"Joe Rogers Jr",1671000000,"food-beverage",78,1,"us","food-beverage","Waffle House","joe-rogers-jr"
2024,652,"Joel Glazer",1671000000,"sports",57,1,"us","sports","Manchester United;Tampa Bay Buccaneers","joel-glazer"
2024,653,"Kevin Glazer",1671000000,"sports",62,1,"us","sports","Manchester United;Tampa Bay Buccaneers","kevin-glazer"
2024,654,"Paul Foster",1670516000,"energy",67,1,"us","energy","Oil refining","paul-foster"
2024,655,"Bill Gross",1668470000,"finance-investments",80,1,"us","finance-investments","Investments","bill-gross"
2024,656,"George Marcus",1667039000,"real-estate",83,1,"us","real-estate","Real estate","george-marcus"
2024,657,"Adebayo Ogunlesi",1663600000,"finance-investments",71,1,"us","finance-investments","Private Equity","adebayo-ogunlesi"
2024,658,"Kenny Troutt",1653205000,"telecom",76,1,"us","telecom","Telecom","kenny-troutt"
2024,659,"Nir Zuk",1644483000,"technology",53,1,"us","technology","software","nir-zuk"
2024,660,"Jeffrey Gundlach",1643800000,"finance-investments",66,1,"us","finance-investments","Investments","jeffrey-gundlach"
2024,661,"Nicholas Pritzker",1642894000,"finance-investments",81,1,"us","finance-investments","Hotels;investments","nicholas-pritzker"
2024,662,"Magic Johnson",1639700000,"diversified",65,1,"us","diversified","Basketball;investments","magic-johnson"
2024,663,"Nelson Peltz",1639635000,"finance-investments",82,1,"us","finance-investments","Investments","nelson-peltz"
2024,664,"Mike Repole",1635000000,"food-beverage",56,1,"us","food-beverage","Sports drink","mike-repole"
2024,665,"Sue Gross",1634028000,"finance-investments",74,"","us","finance-investments","Investments","sue-gross"
2024,666,"William Fisher",1626146000,"fashion-retail",67,1,"us","fashion-retail","Gap","william-fisher"
2024,667,"Charles Liang",1626106000,"technology",67,1,"us","technology","Computer hardware","charles-liang"
2024,668,"Mitchell Jacobson",1622721000,"service",73,1,"us","service","Industrial equipment","mitchell-jacobson"
2024,669,"Lloyd Blankfein",1616649000,"finance-investments",70,1,"us","finance-investments","Banking","lloyd-blankfein"
2024,670,"Frank Holding",1615101000,"finance-investments",63,1,"us","finance-investments","Banking","frank-holding"
2024,671,"Evgeny (Eugene) Shvidler",1613588000,"metals-mining",60,1,"us","metals-mining","Metals;investments","evgeny-eugene-shvidler"
2024,672,"George Yancopoulos",1612567000,"healthcare",65,1,"us","healthcare","Pharmaceuticals","george-yancopoulos"
2024,673,"Dean Solon",1592000000,"energy",60,1,"us","energy","Solar systems","dean-solon"
2024,674,"Sidney Kimmel",1580250000,"fashion-retail",96,1,"us","fashion-retail","Retail","sidney-kimmel"
2024,675,"Ronald Clarke",1572800000,"technology",69,1,"us","technology","payments technology","ronald-clarke"
2024,676,"Ben Ashkenazy",1570873000,"real-estate",55,1,"us","real-estate","Real estate","ben-ashkenazy"
2024,677,"Laurie Tisch",1568888000,"diversified",73,"","us","diversified","Loews;New York Giants","laurie-tisch"
2024,678,"Steven Tisch",1568888000,"diversified",75,1,"us","diversified","Loews;New York Giants","steven-tisch"
2024,679,"Taylor Swift",1567500000,"media-entertainment",35,"","us","media-entertainment","Music","taylor-swift"
2024,680,"Bharat Desai",1557000000,"technology",72,1,"us","technology","IT consulting","bharat-desai"
2024,681,"Weili Dai",1541445000,"technology",63,"","us","technology","Semiconductors","weili-dai"
2024,682,"Joe Lau",1534000000,"technology",35,1,"us","technology","Blockchain technology","joe-lau"
2024,683,"Nikil Viswanathan",1534000000,"technology",37,1,"us","technology","Blockchain technology","nikil-viswanathan-1"
2024,684,"Liesel Pritzker Simmons",1529000000,"diversified",40,"","us","diversified","Hotels;investments","liesel-pritzker-simmons"
2024,685,"Doris Fisher",1519317000,"fashion-retail",93,"","us","fashion-retail","Gap","doris-fisher"
2024,686,"Hal Steinbrenner",1518765000,"sports",56,1,"us","sports","Sports","hal-steinbrenner"
2024,687,"Jennifer Steinbrenner Swindal",1518765000,"sports",65,"","us","sports","Sports","jennifer-steinbrenner-swindal"
2024,688,"Jessica Steinbrenner",1518765000,"sports",60,"","us","sports","Sports","jessica-steinbrenner"
2024,689,"Albert Nahmad",1518194000,"manufacturing",84,1,"us","manufacturing","Air conditioning parts","albert-nahmad"
2024,690,"Art Levinson",1516011000,"diversified",74,1,"us","diversified","Genentech;Apple","art-levinson"
2024,691,"Ben Navarro",1509807000,"finance-investments",62,1,"us","finance-investments","Investments","ben-navarro"
2024,692,"Andres Santo Domingo",1503514000,"food-beverage",46,1,"us","food-beverage","Beer","andres-santo-domingo"
2024,693,"John Morgan",1500000000,"service",68,1,"us","service","personal injury law","john-morgan-2"
2024,694,"Alan Gerry",1496400000,"media-entertainment",96,1,"us","media-entertainment","Cable television","alan-gerry"
2024,695,"Andy Fang",1493743000,"technology",32,1,"us","technology","food delivery app","andy-fang"
2024,696,"Paul Sciarra",1490536000,"technology",43,1,"us","technology","Pinterest","paul-sciarra"
2024,697,"Carson Brice",1490510000,"finance-investments",57,"","us","finance-investments","Banking","carson-brice"
2024,698,"Stephen Winn",1486800000,"real-estate",78,1,"us","real-estate","Real estate services","stephen-winn"
2024,699,"Hartley Rogers",1482913000,"finance-investments",65,1,"us","finance-investments","asset management","hartley-rogers"
2024,700,"Christopher Stolte",1478222000,"technology",52,1,"us","technology","software","christopher-stolte"
2024,701,"James Tisch",1472899000,"diversified",71,1,"us","diversified","Loews","james-tisch"
2024,702,"Brett Adcock",1464500000,"technology",38,1,"us","technology","Robots","brett-adcock"
2024,703,"Clark Hunt & family",1444000000,"sports",59,1,"us","sports","Kansas City Chiefs","clark-hunt"
2024,704,"Daniel Hunt & family",1444000000,"sports",48,1,"us","sports","Kansas City Chiefs","daniel-hunt"
2024,705,"Frank McCourt",1444000000,"sports",71,1,"us","sports","baseball","frank-mccourt"
2024,706,"Lamar Hunt Jr & family",1444000000,"sports",68,1,"us","sports","Kansas City Chiefs","lamar-hunt-jr"
2024,707,"Sharron Hunt & family",1444000000,"sports",66,"","us","sports","Kansas City Chiefs","sharron-hunt"
2024,708,"Antonio Gracias",1435984000,"finance-investments",54,1,"us","finance-investments","Investments","antonio-gracias"
2024,709,"Jim Koch",1424657000,"food-beverage",75,1,"us","food-beverage","Beer","jim-koch"
2024,710,"Stanley Tang",1423138000,"technology",32,1,"us","technology","food delivery app","stanley-tang"
2024,711,"Jared Smith",1421000000,"technology",50,1,"us","technology","Cloud computing","jared-smith-1"
2024,712,"Mark Pincus",1419641000,"technology",58,1,"us","technology","Online games","mark-pincus"
2024,713,"Patrick Zalupski",1415849000,"real-estate",44,1,"us","real-estate","homebuilding","patrick-zalupski"
2024,714,"Henry Engelhardt",1415684000,"finance-investments",66,1,"us","finance-investments","Insurance","henry-engelhardt"
2024,715,"Randal J. Kirk",1409454000,"healthcare",70,1,"us","healthcare","Pharmaceuticals","randal-j-kirk"
2024,716,"Frederic Luddy",1400679000,"technology",70,1,"us","technology","Software","frederic-luddy"
2024,717,"Brad Keywell",1384964000,"technology",55,1,"us","technology","Software;investments","brad-keywell"
2024,718,"Harvey Jones",1378660000,"technology",72,1,"us","technology","Nvidia","harvey-jones"
2024,719,"Christian Chabot",1375049000,"technology",52,1,"us","technology","Software","christian-chabot"
2024,720,"Jeffrey Lorberbaum",1372782000,"manufacturing",70,1,"us","manufacturing","Flooring","jeffrey-lorberbaum"
2024,721,"Herald Chen",1368405000,"technology",54,1,"us","technology","Marketing software;mobile games","herald-chen"
2024,722,"Paul Novelly & family",1368181000,"energy",81,1,"us","energy","Oil","paul-novelly"
2024,723,"Sunjay Kapur",1367789000,"automotive",53,1,"us","automotive","Auto parts","sunjay-kapur"
2024,724,"Tyler Perry",1357100000,"media-entertainment","",1,"us","media-entertainment","Movies;television","tyler-perry"
2024,725,"Tope Awotona",1350000000,"technology",43,1,"us","technology","Software","tope-awotona"
2024,726,"Gary Magness",1346871000,"media-entertainment",70,1,"us","media-entertainment","Cable TV;investments","gary-magness"
2024,727,"Richard Fairbank",1345889000,"finance-investments",74,1,"us","finance-investments","banking","richard-fairbank"
2024,728,"Darwin Deason",1345200000,"service",84,1,"us","service","Software","darwin-deason"
2024,729,"Cargill MacMillan III",1344238000,"food-beverage",65,1,"us","food-beverage","Cargill","cargill-macmillan-iii"
2024,730,"John MacMillan",1344238000,"food-beverage",75,1,"us","food-beverage","Cargill","john-macmillan-1"
2024,731,"Martha MacMillan",1344238000,"food-beverage",73,"","us","food-beverage","Cargill","martha-macmillan"
2024,732,"William MacMillan",1344238000,"food-beverage",70,1,"us","food-beverage","Cargill","william-macmillan"
2024,733,"Michael Steinhardt",1341264000,"finance-investments",84,1,"us","finance-investments","Hedge funds","michael-steinhardt"
2024,734,"William Lauder",1332921000,"fashion-retail",64,1,"us","fashion-retail","Estee Lauder","william-lauder"
2024,735,"Richard Kayne",1315000000,"finance-investments",79,1,"us","finance-investments","Investments","richard-kayne"
2024,736,"Tiger Woods",1307000000,"sports","",1,"us","sports","Golf","tiger-woods"
2024,737,"Paul Fireman",1306000000,"fashion-retail",80,1,"us","fashion-retail","Reebok","paul-fireman"
2024,738,"Seth Klarman",1305533000,"finance-investments",67,1,"us","finance-investments","Investments","seth-klarman"
2024,739,"Andrew Tisch",1304283000,"diversified",75,1,"us","diversified","Loews","andrew-tisch"
2024,740,"Jahm Najafi",1296000000,"finance-investments",61,1,"us","finance-investments","Investments","jahm-najafi"
2024,741,"Timothy Springer",1291076000,"healthcare",76,1,"us","healthcare","Biotech","timothy-springer"
2024,742,"Michael Krasny",1290000000,"technology",71,1,"us","technology","Retail","michael-krasny"
2024,743,"Joe Kiani",1288283000,"healthcare",60,1,"us","healthcare","Medical devices","joe-kiani"
2024,744,"Thomas Bailey",1282600000,"finance-investments",88,1,"us","finance-investments","Money management","thomas-bailey"
2024,745,"Richard Saghian",1282000000,"fashion-retail",43,1,"us","fashion-retail","Fast fashion","richard-saghian"
2024,746,"William Franke",1272379000,"diversified",87,1,"us","diversified","Low-cost airlines","william-franke"
2024,747,"Aerin Lauder",1266388000,"fashion-retail",54,"","us","fashion-retail","Estee Lauder","aerin-lauder"
2024,748,"Larry Fink",1265598000,"finance-investments",72,1,"us","finance-investments","money management","larry-fink"
2024,749,"Hao Hong",1259951000,"healthcare",69,1,"us","healthcare","Pharmaceuticals","hao-hong"
2024,750,"Bijan Tehrani",1258631000,"gambling-casinos",31,1,"us","gambling-casinos","","bijan-tehrani"
2024,751,"Arthur Levine",1257000000,"finance-investments",73,1,"us","finance-investments","Private equity","arthur-levine"
2024,752,"Lauren Leichtman",1257000000,"finance-investments",75,"","us","finance-investments","Private equity","lauren-leichtman"
2024,753,"James Jannard",1250000000,"fashion-retail",75,1,"us","fashion-retail","Sunglasses","james-jannard"
2024,754,"Nancy Lerner",1247009000,"finance-investments",64,"","us","finance-investments","Banking;credit cards","nancy-lerner"
2024,755,"Randolph Lerner",1241268000,"finance-investments",62,1,"us","finance-investments","Banking;credit cards","randolph-lerner"
2024,756,"Norma Lerner",1239919000,"finance-investments",88,"","us","finance-investments","Banking","norma-lerner"
2024,757,"Abigail Bennett",1234467000,"food-beverage",44,"","us","food-beverage","Liquor","abigail-bennett"
2024,758,"Jeffrey Soffer",1226176000,"real-estate",57,1,"us","real-estate","Real estate","jeffrey-soffer"
2024,759,"Donald Friese",1223000000,"manufacturing",84,1,"us","manufacturing","Manufacturing","donald-friese"
2024,760,"Gary Tharaldson",1220100000,"real-estate",79,1,"us","real-estate","Hotels","gary-tharaldson"
2024,761,"Zachary Stern",1208814000,"food-beverage",42,1,"us","food-beverage","Liquor","zachary-stern"
2024,762,"J. Christopher Flowers",1203791000,"finance-investments",67,1,"us","finance-investments","Investments","j-christopher-flowers"
2024,763,"Luis von Ahn",1201446000,"technology",46,1,"us","technology","Duolingo","luis-von-ahn"
2024,764,"Noubar Afeyan",1199370000,"healthcare",62,1,"us","healthcare","Biotech","noubar-afeyan"
2024,765,"J. Wayne Weaver",1196815000,"diversified",89,1,"us","diversified","Shoes","j-wayne-weaver"
2024,766,"Pantas Sutardja",1190563000,"unknown","","","us","","","pantas-sutardja"
2024,767,"Ankur Jain",1185369000,"finance-investments",34,1,"us","finance-investments","Rewards firm","ankur-jain"
2024,768,"LeBron James",1184000000,"sports",40,1,"us","sports","Basketball","lebron-james"
2024,769,"John Oyler",1177959000,"healthcare",56,1,"us","healthcare","Biotech","john-oyler"
2024,770,"Dick Wolf",1176000000,"media-entertainment",78,1,"us","media-entertainment","Law & Order","dick-wolf-1"
2024,771,"Mark Jones",1174853000,"finance-investments",63,1,"us","finance-investments","Insurance","mark-jones"
2024,772,"Robyn Jones",1174853000,"finance-investments",62,"","us","finance-investments","Insurance","robyn-jones"
2024,773,"Bruce Springsteen",1174499000,"Music",75,1,"us","","Music","bruce-springsteen"
2024,774,"Paul Lee",1172024000,"manufacturing",67,1,"us","manufacturing","Battery separators","paul-lee-1"
2024,775,"Timothy Headington",1163235000,"energy",74,1,"us","energy","Oil & gas;investments","timothy-headington"
2024,776,"Scott Smith",1150000000,"technology",75,1,"us","technology","Cloud computing","scott-smith-1"
2024,777,"Jane Goldman",1145033000,"real-estate",69,"","us","real-estate","Real estate","jane-goldman"
2024,778,"Dharmesh Shah",1144174000,"technology",57,1,"us","technology","software","dharmesh-shah"
2024,779,"Sara Blakely",1135131000,"fashion-retail",53,"","us","fashion-retail","Spanx","sara-blakely"
2024,780,"Mike Speiser",1134835000,"technology",53,1,"us","technology","Software","mike-speiser"
2024,781,"Michael Patterson",1134000000,"finance-investments",50,1,"us","finance-investments","Private equity","michael-patterson"
2024,782,"Scot French",1133000000,"finance-investments",54,1,"us","finance-investments","Private equity","scot-french"
2024,783,"Benoit Dageville",1129762000,"technology",58,1,"us","technology","Software","benoit-dageville"
2024,784,"Sam Altman",1127741000,"finance-investments",39,1,"us","finance-investments","Investments","sam-altman"
2024,785,"Nicholas Woodman",1125271000,"technology",49,1,"us","technology","GoPro","nicholas-woodman"
2024,786,"Ken Kendrick",1121300000,"sports",81,1,"us","sports","Banking;sports team","ken-kendrick"
2024,787,"Ryan Israel",1118000000,"finance-investments",39,1,"us","finance-investments","Hedge funds","ryan-israel"
2024,788,"Forrest Preston",1103751000,"healthcare",91,1,"us","healthcare","Health care","forrest-preston"
2024,789,"Theresia Gouw",1101607000,"finance-investments",56,"","us","finance-investments","Venture capital","theresia-gouw"
2024,790,"Jerry Seinfeld",1100000000,"Comedy",70,1,"us","","Comedy","jerry-seinfeld"
2024,791,"Amy Goldman Fowler",1077292000,"real-estate",70,"","us","real-estate","Real estate","amy-goldman-fowler"
2024,792,"Nicholas Howley",1075106000,"manufacturing",62,1,"us","manufacturing","Aerospace","nicholas-howley"
2024,793,"Patrizio Vinciarelli",1071990000,"technology",78,1,"us","technology","electronic components","patrizio-vinciarelli"
2024,794,"Arnold Schwarzenegger",1069288000,"media-entertainment",77,1,"us","media-entertainment","Movies;investments","arnold-schwarzenegger"
2024,795,"Sun Hongbin",1066424000,"real-estate",62,1,"us","real-estate","real estate","sun-hongbin"
2024,796,"Tory Burch",1057454999,"fashion-retail",58,"","us","fashion-retail","Fashion","tory-burch"
2024,797,"Orion Hindawi",1054000000,"technology",44,1,"us","technology","Software","orion-hindawi"
2024,798,"Victor Fung",1052829000,"logistics",79,1,"us","logistics","Sourcing","victor-fung"
2024,799,"Jeff Sprecher",1051565000,"finance-investments",69,1,"us","finance-investments","stock exchanges","jeff-sprecher"
2024,800,"Diane Kemper",1050772999,"real-estate",79,"","us","real-estate","Real estate","diane-kemper"
2024,801,"Richard Barton",1048876000,"real-estate",57,1,"us","real-estate","Zillow","richard-barton"
2024,802,"Steve Koltes",1041619999,"finance-investments",68,1,"us","finance-investments","Private Equity","steve-koltes"
2024,803,"Martine Rothblatt",1041144000,"healthcare",70,"","us","healthcare","Pharmaceuticals","martine-rothblatt"
2024,804,"Kevin Plank",1039448000,"fashion-retail",52,1,"us","fashion-retail","Under Armour","kevin-plank"
2024,805,"Ric Elias",1035700000,"media-entertainment",57,1,"us","media-entertainment","Media","ric-elias"
2024,806,"Don Ahern",1027200000,"service",71,1,"us","service","Equipment rental","don-ahern"
2024,807,"Bob Muglia",1025743999,"technology",65,1,"us","technology","software","bob-muglia"
2024,808,"Vivek Ramaswamy",1023825000,"healthcare",39,1,"us","healthcare","investments","vivek-ramaswamy"
2024,809,"Louis Bacon",1008000000,"finance-investments",68,1,"us","finance-investments","Hedge funds","louis-bacon"
2024,810,"Larry Silverstein",1006945000,"real-estate",93,1,"us","real-estate","Real estate","larry-silverstein"
2024,811,"Neerja Sethi",1006400000,"technology",69,"","us","technology","IT consulting","neerja-sethi"
2024,812,"Michael S. Smith",1000000000,"energy",69,1,"us","energy","Liquefied natural gas","michael-s-smith"
2024,813,"Richard Kurtz",1000000000,"real-estate",84,1,"us","real-estate","Real estate","richard-kurtz"
2025,1,"Elon Musk",726376264000,"technology",54,1,"us","technology","Tesla;SpaceX","elon-musk"
2025,2,"Larry Page",256963619000,"technology",52,1,"us","technology","Google","larry-page"
2025,3,"Larry Ellison",245032862000,"technology",81,1,"us","technology","Oracle","larry-ellison"
2025,4,"Jeff Bezos",242473677000,"technology",61,1,"us","technology","Amazon","jeff-bezos"
2025,5,"Sergey Brin",237117220000,"technology",52,1,"us","technology","Google","sergey-brin"
2025,6,"Mark Zuckerberg",226339286000,"technology",41,1,"us","technology","Facebook","mark-zuckerberg"
2025,7,"Jensen Huang",161942602000,"technology",62,1,"us","technology","Semiconductors","jensen-huang"
2025,8,"Warren Buffett",148925145000,"finance-investments",95,1,"us","finance-investments","Berkshire Hathaway","warren-buffett"
2025,9,"Steve Ballmer",147281368000,"technology",69,1,"us","technology","Microsoft","steve-ballmer"
2025,10,"Michael Dell",139056438000,"technology",60,1,"us","technology","Dell Technologies","michael-dell"
2025,11,"Rob Walton & family",130890899000,"fashion-retail",81,1,"us","fashion-retail","Walmart","rob-walton"
2025,12,"Jim Walton & family",128198859000,"fashion-retail",77,1,"us","fashion-retail","Walmart","jim-walton"
2025,13,"Alice Walton",119359487000,"fashion-retail",76,"","us","fashion-retail","Walmart","alice-walton"
2025,14,"Michael Bloomberg",109419000000,"finance-investments",83,1,"us","finance-investments","Bloomberg LP","michael-bloomberg"
2025,15,"Bill Gates",103464557000,"technology",70,1,"us","technology","Microsoft","bill-gates"
2025,16,"Julia Koch & family",81190000000,"diversified",63,"","us","diversified","Koch;Inc.","julia-koch"
2025,17,"Thomas Peterffy",75411394000,"finance-investments",81,1,"us","finance-investments","Discount brokerage","thomas-peterffy"
2025,18,"Charles Koch & family",73790000000,"diversified",90,1,"us","diversified","Koch;Inc.","charles-koch"
2025,19,"Jeff Yass",65653000000,"finance-investments",67,1,"us","finance-investments","Trading;investments","jeff-yass"
2025,20,"Ken Griffin",50704075000,"finance-investments",57,1,"us","finance-investments","Hedge funds","ken-griffin"
2025,21,"Stephen Schwarzman",47869131000,"finance-investments",78,1,"us","finance-investments","Investments","stephen-schwarzman"
2025,22,"Lukas Walton",44172703000,"fashion-retail",39,1,"us","fashion-retail","Walmart","lukas-walton"
2025,23,"Miriam Adelson & family",40741160000,"gambling-casinos",80,"","us","gambling-casinos","Casinos","miriam-adelson"
2025,24,"Jacqueline Mars",40331249000,"food-beverage",86,"","us","food-beverage","Candy;pet food","jacqueline-mars"
2025,25,"John Mars",40331249000,"food-beverage",90,1,"us","food-beverage","Candy;pet food","john-mars"
2025,26,"Thomas Frist Jr & family",36764801000,"healthcare",87,1,"us","healthcare","Hospitals","thomas-frist-jr"
2025,27,"Eric Schmidt",35681542000,"technology",70,1,"us","technology","Google","eric-schmidt"
2025,28,"Abigail Johnson",35394045000,"finance-investments",64,"","us","finance-investments","Fidelity","abigail-johnson"
2025,29,"Marilyn Simons & family",32548960000,"finance-investments",74,"","us","finance-investments","Hedge funds","marilyn-simons"
2025,30,"Henry Samueli",31745029000,"technology",71,1,"us","technology","Semiconductors","henry-samueli"
2025,31,"Phil Knight & family",31584617000,"fashion-retail",87,1,"us","fashion-retail","Nike","phil-knight"
2025,32,"Elaine Marshall & family",30930000000,"diversified",83,"","us","diversified","Koch Inc.","elaine-marshall"
2025,33,"MacKenzie Scott",30260347000,"technology",55,"","us","technology","Amazon","mackenzie-scott"
2025,34,"Len Blavatnik",29751057000,"diversified",68,1,"us","diversified","Music;chemicals","len-blavatnik"
2025,35,"Melinda French Gates",29294445000,"technology",61,"","us","technology","Microsoft","melinda-french-gates"
2025,36,"Daniel Gilbert",28509015000,"finance-investments",63,1,"us","finance-investments","Rocket Mortgage","daniel-gilbert"
2025,37,"Lyndal Stephens Greth & family",27523138000,"energy",51,"","us","energy","Oil & gas","lyndal-stephens-greth"
2025,38,"Rick Cohen & family",26935191000,"technology",73,1,"us","technology","Warehouse automation","rick-cohen"
2025,39,"Peter Thiel",25925059000,"finance-investments",58,1,"us","finance-investments","Facebook;investments","peter-thiel"
2025,40,"Ernest Garcia II",25302980000,"automotive",68,1,"us","automotive","Used cars","ernest-garcia-ii"
2025,41,"Robert Pera",25030454000,"technology",47,1,"us","technology","Wireless networking","robert-pera"
2025,42,"Rupert Murdoch & family",24648293000,"media-entertainment",94,1,"us","media-entertainment","Newspapers;TV network","rupert-murdoch"
2025,43,"Adam Foroughi",24396118000,"technology",45,1,"us","technology","marketing software;mobile games","adam-foroughi"
2025,44,"David Tepper",23687000000,"finance-investments",68,1,"us","finance-investments","Hedge funds","david-tepper"
2025,45,"Steve Cohen",22977329000,"finance-investments",69,1,"us","finance-investments","Hedge funds","steve-cohen"
2025,46,"Diane Hendricks",22332900000,"construction-engineering",78,"","us","construction-engineering","Building supplies","diane-hendricks"
2025,47,"Todd Graves",21983000000,"food-beverage",53,1,"us","food-beverage","Fast food","todd-graves"
2025,48,"Christy Walton",21926800000,"fashion-retail",76,"","us","fashion-retail","Walmart","christy-walton"
2025,49,"Henry Nicholas III",21805590000,"technology",66,1,"us","technology","Semiconductors","henry-nicholas-iii"
2025,50,"Stanley Kroenke",21330497000,"sports",78,1,"us","sports","Sports;real estate","stanley-kroenke"
2025,51,"Jerry Jones & family",21044253000,"sports",83,1,"us","sports","Dallas Cowboys","jerry-jones"
2025,52,"John Doerr",20086799000,"finance-investments",74,1,"us","finance-investments","Venture capital","john-doerr"
2025,53,"Philip Anschutz",19401000000,"finance-investments",86,1,"us","finance-investments","Energy;sports;entertainment","philip-anschutz"
2025,54,"Donald Bren",19212086000,"real-estate",93,1,"us","real-estate","Real estate","donald-bren"
2025,55,"Israel Englander",18878700000,"finance-investments",77,1,"us","finance-investments","Hedge funds","israel-englander"
2025,56,"Edwin Chen",18000000000,"technology",38,1,"us","technology","Artificial intelligence","edwin-chen"
2025,57,"Eric Smidt",17923000000,"fashion-retail",66,1,"us","fashion-retail","Hardware stores","eric-smidt"
2025,58,"Nancy Walton Laurie",17659346000,"fashion-retail",74,"","us","fashion-retail","Walmart","nancy-walton-laurie"
2025,59,"John Menard Jr",17522615000,"fashion-retail",85,1,"us","fashion-retail","Home improvement stores","john-menard-jr"
2025,60,"John Tu",17350072000,"technology",84,1,"us","technology","Computer hardware","john-tu"
2025,61,"David Sun",17326282000,"technology",74,1,"us","technology","Computer hardware","david-sun"
2025,62,"Jan Koum",17135309000,"technology",49,1,"us","technology","WhatsApp","jan-koum"
2025,63,"Stephen Ross",16982712000,"real-estate",85,1,"us","real-estate","Real estate","stephen-ross"
2025,64,"Donald Newhouse",16872901999,"media-entertainment",96,1,"us","media-entertainment","Media","donald-newhouse"
2025,65,"Arthur Dantchik",16287000000,"finance-investments",68,1,"us","finance-investments","Trading;investments","arthur-dantchik"
2025,66,"Alexander Karp",16029895000,"technology",58,1,"us","technology","Software firm","alexander-karp"
2025,67,"Harold Hamm & family",16000000000,"energy",80,1,"us","energy","Oil & gas","harold-hamm"
2025,68,"George Roberts",15784038000,"finance-investments",82,1,"us","finance-investments","Private equity","george-roberts"
2025,69,"Ray Dalio",15383970000,"finance-investments",76,1,"us","finance-investments","Hedge funds","ray-dalio"
2025,70,"Charles Ergen",15071787000,"media-entertainment",72,1,"us","media-entertainment","Satellite TV","charles-ergen"
2025,71,"Brad Jacobs",15044889000,"logistics",69,1,"us","logistics","Logistics","brad-jacobs"
2025,72,"George Kaiser",14952137000,"energy",83,1,"us","energy","Oil & gas;banking","george-kaiser"
2025,73,"James Goodnight",14840897000,"technology",82,1,"us","technology","Software","james-goodnight"
2025,74,"Shahid Khan",14616444000,"automotive",75,1,"us","automotive","Sports teams;auto parts","shahid-khan"
2025,75,"Henry Kravis",14515293000,"finance-investments",81,1,"us","finance-investments","Private equity","henry-kravis"
2025,76,"Edward Johnson IV",14375566000,"finance-investments",61,1,"us","finance-investments","Fidelity","edward-johnson-iv"
2025,77,"Leon Black",14274299000,"finance-investments",74,1,"us","finance-investments","Private equity","leon-black"
2025,78,"Laurene Powell Jobs",13978934000,"technology",62,"","us","technology","Apple;Disney","laurene-powell-jobs"
2025,79,"Ralph Lauren & Family",13917559000,"fashion-retail",86,1,"us","fashion-retail","Apparel","ralph-lauren-family"
2025,80,"Robert Kraft",13841585000,"sports",84,1,"us","sports","Manufacturing;New England Patriots","robert-kraft"
2025,81,"Jack Dangermond",13720703000,"technology",80,1,"us","technology","Mapping software","jack-dangermond"
2025,82,"Ann Walton Kroenke",13637749000,"fashion-retail",77,"","us","fashion-retail","Walmart","ann-walton-kroenke"
2025,83,"Charles Schwab",13494511000,"finance-investments",88,1,"us","finance-investments","Discount brokerage","charles-schwab"
2025,84,"Ken Fisher",13154000000,"finance-investments",75,1,"us","finance-investments","Money management","ken-fisher"
2025,85,"Bubba Cathy",13118234000,"food-beverage",71,1,"us","food-beverage","Chick-fil-A","bubba-cathy"
2025,86,"Dan Cathy",13118234000,"food-beverage",72,1,"us","food-beverage","Chick-fil-A","dan-cathy"
2025,87,"Trudy Cathy White",13118234000,"food-beverage",70,"","us","food-beverage","Chick-fil-A","trudy-cathy-white"
2025,88,"J. Christopher Reyes",13100000000,"food-beverage",72,1,"us","food-beverage","Food distribution","j-christopher-reyes"
2025,89,"Jude Reyes",13100000000,"food-beverage",70,1,"us","food-beverage","Food distribution","jude-reyes"
2025,90,"Ernest Garcia III",12907867000,"automotive",43,1,"us","automotive","Used cars","ernest-garcia-iii"
2025,91,"Orlando Bravo",12834129000,"finance-investments",55,1,"us","finance-investments","Private equity","orlando-bravo"
2025,92,"Antony Ressler",12786256000,"finance-investments",65,1,"us","finance-investments","Finance","antony-ressler"
2025,93,"Jay Chaudhry",12767124000,"technology",66,1,"us","technology","Security software","jay-chaudhry"
2025,94,"Lin Bin",12682471000,"technology",57,1,"us","technology","Smartphones","lin-bin"
2025,95,"Vinod Khosla",12566613000,"technology",70,1,"us","technology","Sun Microsystems;venture capital","vinod-khosla"
2025,96,"David Steward",12412195000,"technology",74,1,"us","technology","IT provider","david-steward"
2025,97,"Elizabeth Johnson",12390255000,"finance-investments",62,"","us","finance-investments","Fidelity","elizabeth-johnson"
2025,98,"Carl Cook",12381297000,"healthcare",63,1,"us","healthcare","Medical devices","carl-cook"
2025,99,"Andrew Beal",12207624000,"finance-investments",73,1,"us","finance-investments","Banks;real estate","andrew-beal"
2025,100,"David Duffield",12141953000,"technology",85,1,"us","technology","Business software","david-duffield"
2025,101,"Pierre Omidyar",11910649000,"technology",58,1,"us","technology","EBay;PayPal","pierre-omidyar"
2025,102,"Robert Duggan",11862469000,"healthcare",81,1,"us","healthcare","Pharmaceuticals","robert-duggan"
2025,103,"Riley Bechtel & family",11492111000,"construction-engineering",73,1,"us","construction-engineering","Engineering;construction","riley-bechtel"
2025,104,"Richard Kinder",11379812000,"energy",81,1,"us","energy","Pipelines","richard-kinder"
2025,105,"Josh Harris",11336150000,"finance-investments",61,1,"us","finance-investments","Private equity","josh-harris"
2025,106,"Dustin Moskovitz",11232961000,"technology",41,1,"us","technology","Facebook","dustin-moskovitz"
2025,107,"Gabe Newell",11033600000,"media-entertainment",63,1,"us","media-entertainment","Video games","gabe-newell"
2025,108,"John Malone",11001782000,"media-entertainment",84,1,"us","media-entertainment","Cable television","john-malone"
2025,109,"Charlie Mills",10965846000,"healthcare",64,1,"us","healthcare","Medical supplies","charlie-mills"
2025,110,"Mark Stevens",10892263000,"finance-investments",65,1,"us","finance-investments","Venture capital","mark-stevens"
2025,111,"Ramzi Musallam",10784000000,"finance-investments",57,1,"us","finance-investments","Private equity","ramzi-musallam"
2025,112,"Douglas Leone",10750140000,"finance-investments",68,1,"us","finance-investments","Venture capital","douglas-leone"
2025,113,"Arthur Blank",10626052000,"sports",83,1,"us","sports","Home Depot","arthur-blank"
2025,114,"Tilman Fertitta",10402261000,"food-beverage",68,1,"us","food-beverage","Entertainment;Houston Rockets","tilman-fertitta"
2025,115,"Charles Butt",10334600000,"fashion-retail",87,1,"us","fashion-retail","Supermarkets","charles-butt"
2025,116,"Chris Larsen",10201100000,"finance-investments",65,1,"us","finance-investments","Cryptocurrency","chris-larsen"
2025,117,"Marijke Mars",10088794000,"food-beverage",61,"","us","food-beverage","Candy;pet food","marijke-mars"
2025,118,"Pamela Mars",10088794000,"food-beverage",65,"","us","food-beverage","Candy;pet food","pamela-mars"
2025,119,"Valerie Mars",10088794000,"food-beverage",66,"","us","food-beverage","Candy;pet food","valerie-mars"
2025,120,"Victoria Mars",10088794000,"food-beverage",69,"","us","food-beverage","Candy;pet food","victoria-mars"
2025,121,"Jeffery Hildebrand",10062749000,"energy",66,1,"us","energy","Oil & gas","jeffery-hildebrand"
2025,122,"Tom Gores",10055600000,"finance-investments",61,1,"us","finance-investments","Private equity","tom-gores"
2025,123,"Robert F. Smith",10044700000,"finance-investments",63,1,"us","finance-investments","Private equity","robert-f-smith"
2025,124,"Micky Arison",10030494000,"service",76,1,"us","service","Carnival Cruises","micky-arison"
2025,125,"Blair Parry-Okeden",10019064000,"media-entertainment",75,"","us","media-entertainment","Media;automotive","blair-parry-okeden"
2025,126,"Ken Langone",9997428000,"finance-investments",90,1,"us","finance-investments","Investments","ken-langone"
2025,127,"Jim Kennedy",9970321000,"media-entertainment",78,1,"us","media-entertainment","Media;automotive","jim-kennedy"
2025,128,"Harry Stine & family",9891000000,"food-beverage",84,1,"us","food-beverage","Agriculture","harry-stine"
2025,129,"Brian Armstrong",9868639000,"finance-investments",42,1,"us","finance-investments","Cryptocurrency","brian-armstrong"
2025,130,"Andrew Karam",9648952000,"technology",43,1,"us","technology","Advertising technology","andrew-karam"
2025,131,"Jonathan Gray",9625352000,"finance-investments",55,1,"us","finance-investments","Investments","jonathan-gray"
2025,132,"Michael Rubin",9592384000,"fashion-retail",53,1,"us","fashion-retail","Online retail","michael-rubin"
2025,133,"Brian Chesky",9565871000,"technology",44,1,"us","technology","Airbnb","brian-chesky"
2025,134,"Michael Kim",9543450000,"finance-investments",62,1,"us","finance-investments","Private equity","michael-kim"
2025,135,"Randa Duncan Williams",9473355000,"energy",64,"","us","energy","Pipelines","randa-duncan-williams"
2025,136,"Patrick Ryan",9418149000,"finance-investments",88,1,"us","finance-investments","Insurance","patrick-ryan"
2025,137,"Dannine Avara",9408348000,"energy",61,"","us","energy","Pipelines","dannine-avara"
2025,138,"William Ackman",9405229000,"finance-investments",59,1,"us","finance-investments","Hedge funds","william-ackman"
2025,139,"Milane Frantz",9395205000,"energy",56,"","us","energy","Pipelines","milane-frantz"
2025,140,"Dan Friedkin",9345738000,"automotive",60,1,"us","automotive","Toyota dealerships","dan-friedkin"
2025,141,"Marc Benioff",9332396000,"technology",61,1,"us","technology","Business software","marc-benioff"
2025,142,"Terrence Pegula",9292539000,"energy",74,1,"us","energy","Natural gas","terrence-pegula"
2025,143,"David Geffen",9272400000,"media-entertainment",82,1,"us","media-entertainment","Movies;record labels","david-geffen"
2025,144,"Todd Boehly",9254000000,"finance-investments",52,1,"us","finance-investments","Finance","todd-boehly"
2025,145,"Scott Duncan",9149672000,"energy",43,1,"us","energy","Pipelines","scott-duncan"
2025,146,"Leo KoGuan",9067865000,"technology",70,1,"us","technology","IT provider","leo-koguan"
2025,147,"Nathan Blecharczyk",9061891000,"technology",42,1,"us","technology","Airbnb","nathan-blecharczyk"
2025,148,"Bruce Kovner",9045700000,"finance-investments",80,1,"us","finance-investments","Hedge funds","bruce-kovner"
2025,149,"Elisabeth DeLuca & family",9028439000,"food-beverage",78,"","us","food-beverage","Subway","elisabeth-deluca"
2025,150,"Jeff Greene",8995087000,"real-estate",71,1,"us","real-estate","Real estate;investments","jeff-greene"
2025,151,"David Shaw",8823000000,"finance-investments",74,1,"us","finance-investments","Hedge funds","david-shaw"
2025,152,"Robert Rowling",8817628000,"service",72,1,"us","service","Hotels;investments","robert-rowling"
2025,153,"Jimmy Haslam",8711215000,"fashion-retail",71,1,"us","fashion-retail","Gas stations;retail","jimmy-haslam"
2025,154,"Les Wexner & family",8683752000,"fashion-retail",88,1,"us","fashion-retail","Retail","les-wexner"
2025,155,"Lynsi Snyder",8665500000,"food-beverage",43,"","us","food-beverage","In-N-Out Burger","lynsi-snyder"
2025,156,"Steven Rales",8599211000,"manufacturing",74,1,"us","manufacturing","Manufacturing;investments","steven-rales"
2025,157,"J. Joe Ricketts & family",8541635000,"finance-investments",84,1,"us","finance-investments","TD Ameritrade","j-joe-ricketts"
2025,158,"Stephen Bisciotti",8491572000,"sports",65,1,"us","sports","Staffing;Baltimore Ravens","stephen-bisciotti"
2025,159,"Michael Dorrell",8467000000,"finance-investments",52,1,"us","finance-investments","Investing","michael-dorrell"
2025,160,"Denise York & family",8421700000,"sports",75,"","us","sports","San Francisco 49ers","denise-york"
2025,161,"George Kurtz",8400864000,"technology",55,1,"us","technology","Security software","george-kurtz"
2025,162,"Neil Bluhm",8385058999,"real-estate",87,1,"us","real-estate","Real estate","neil-bluhm"
2025,163,"Leonard Stern",8314600000,"real-estate",87,1,"us","real-estate","Real estate","leonard-stern"
2025,164,"Joe Gebbia",8207508000,"technology",44,1,"us","technology","Airbnb","joe-gebbia"
2025,165,"Marc Rowan",8205344999,"finance-investments",63,1,"us","finance-investments","Private equity","marc-rowan"
2025,166,"John Morris",8183883000,"fashion-retail",77,1,"us","fashion-retail","Sporting goods retail","john-morris"
2025,167,"Don Hankey",8151900000,"finance-investments",82,1,"us","finance-investments","Auto loans","don-hankey"
2025,168,"Charles Simonyi",8143216000,"technology",77,1,"us","technology","Microsoft","charles-simonyi"
2025,169,"Mat Ishbia",8134017000,"finance-investments",45,1,"us","finance-investments","Mortgage lender","mat-ishbia"
2025,170,"Paul Tudor Jones II",8075000000,"finance-investments",71,1,"us","finance-investments","Hedge funds","paul-tudor-jones-ii"
2025,171,"Dennis Washington",8033490000,"logistics",91,1,"us","logistics","Construction;mining","dennis-washington"
2025,172,"Pauline MacMillan Keinath",8026019000,"food-beverage",92,"","us","food-beverage","Cargill","pauline-macmillan-keinath"
2025,173,"James Clark",8012036000,"technology",81,1,"us","technology","Netscape;investments","james-clark"
2025,174,"Igor Olenicoff",8000048000,"real-estate",83,1,"us","real-estate","Real estate","igor-olenicoff"
2025,175,"David Siegel",7980000000,"finance-investments",64,1,"us","finance-investments","Hedge funds","david-siegel-1"
2025,176,"John Overdeck",7980000000,"finance-investments",56,1,"us","finance-investments","Hedge funds","john-overdeck"
2025,177,"Gayle Benson",7943640000,"sports",78,"","us","sports","New Orleans Saints","gayle-benson"
2025,178,"Philippe Laffont",7893800000,"finance-investments",58,1,"us","finance-investments","Hedge fund","philippe-laffont"
2025,179,"Ronda Stryker",7892952000,"healthcare",71,"","us","healthcare","Medical equipment","ronda-stryker"
2025,180,"Tamara Gustavson",7841432000,"service",64,"","us","service","Self storage","tamara-gustavson"
2025,181,"Gary Rollins & family",7818484000,"service",81,1,"us","service","Pest control","gary-rollins"
2025,182,"Tench Coxe",7815257000,"finance-investments",67,1,"us","finance-investments","Venture capital","tench-coxe"
2025,183,"Judy Faulkner",7812100000,"technology",82,"","us","technology","Healthcare software","judy-faulkner"
2025,184,"Sami Mnaymneh",7797000000,"finance-investments",64,1,"us","finance-investments","Private equity","sami-mnaymneh"
2025,185,"Tony Tamer",7797000000,"finance-investments",68,1,"us","finance-investments","Private equity","tony-tamer"
2025,186,"Stanley Druckenmiller",7781000000,"finance-investments",72,1,"us","finance-investments","Hedge funds","stanley-druckenmiller"
2025,187,"Leonid Radvinsky",7752000000,"technology",43,1,"us","technology","OnlyFans","leonid-radvinsky"
2025,188,"John Brown",7736869000,"healthcare",91,1,"us","healthcare","Medical equipment","john-brown"
2025,189,"Jim Kavanaugh",7716870000,"technology",63,1,"us","technology","IT provider","jim-kavanaugh"
2025,190,"Michael Moritz",7705553000,"finance-investments",71,1,"us","finance-investments","Venture capital","michael-moritz"
2025,191,"Roger Penske",7698392000,"automotive",88,1,"us","automotive","Cars","roger-penske"
2025,192,"Jeffrey Lurie",7647000000,"sports",74,1,"us","sports","Philadelphia Eagles","jeffrey-lurie"
2025,193,"Edward Roski Jr",7612179000,"real-estate",87,1,"us","real-estate","Real estate","edward-roski-jr"
2025,194,"Thai Lee",7501000000,"technology",67,"","us","technology","IT provider","thai-lee"
2025,195,"George Soros",7499000000,"finance-investments",95,1,"us","finance-investments","Hedge funds","george-soros"
2025,196,"Michael Milken",7472000000,"finance-investments",79,1,"us","finance-investments","Investments","michael-milken"
2025,197,"Andrew Cherng",7404246000,"food-beverage",78,1,"us","food-beverage","Fast food","andrew-cherng-1"
2025,198,"Peggy Cherng",7404246000,"food-beverage",78,"","us","food-beverage","Fast food","peggy-cherng"
2025,199,"Janice McNair & family",7315359000,"sports",89,"","us","sports","Energy;sports","janice-mcnair"
2025,200,"Ty Warner",7303411000,"real-estate",81,1,"us","real-estate","Plush toys;real estate","ty-warner"
2025,201,"Mark Walter",7293700000,"finance-investments",65,1,"us","finance-investments","Finance;asset management","mark-walter"
2025,202,"Karen Pritzker",7270845000,"finance-investments",67,"","us","finance-investments","Hotels;investments","karen-pritzker"
2025,203,"John Sall",7267335000,"technology",77,1,"us","technology","Software","john-sall"
2025,204,"Daniel Ziff",7188750000,"finance-investments",54,1,"us","finance-investments","Investments","daniel-ziff"
2025,205,"Dirk Ziff",7188750000,"finance-investments",61,1,"us","finance-investments","Investments","dirk-ziff"
2025,206,"Robert Ziff",7188750000,"finance-investments",59,1,"us","finance-investments","Investments","robert-ziff"
2025,207,"Kelcy Warren",7114550000,"energy",70,1,"us","energy","Pipelines","kelcy-warren"
2025,208,"Chase Coleman III",7080000000,"finance-investments",50,1,"us","finance-investments","Investments","chase-coleman-iii"
2025,209,"Li Ge",7077727000,"healthcare",59,1,"us","healthcare","Pharmaceuticals","li-ge"
2025,210,"Steven Spielberg",7056100000,"media-entertainment",79,1,"us","media-entertainment","Movies","steven-spielberg"
2025,211,"Edythe Broad & family",6997985000,"diversified",90,"","us","diversified","Homebuilding;insurance","edythe-broad"
2025,212,"Scott Cook",6930176000,"technology",73,1,"us","technology","Software","scott-cook"
2025,213,"Marian Ilitch & family",6896500000,"food-beverage",92,"","us","food-beverage","Little Caesars Pizza","marian-ilitch"
2025,214,"Min Kao & family",6813619000,"technology",76,1,"us","technology","Navigation equipment","min-kao"
2025,215,"Michael Sabel",6712941000,"energy",58,1,"us","energy","oil & gas","michael-sabel"
2025,216,"Robert Pender",6712940000,"energy",72,1,"us","energy","oil & gas","robert-pender"
2025,217,"Paul Singer",6673500000,"finance-investments",81,1,"us","finance-investments","Hedge funds","paul-singer"
2025,218,"James Chambers",6661387000,"media-entertainment",68,1,"us","media-entertainment","Media;automotive","james-chambers"
2025,219,"Margaretta Taylor",6660633000,"media-entertainment",83,"","us","media-entertainment","Media;automotive","margaretta-taylor"
2025,220,"Katharine Rayner",6655562000,"media-entertainment",80,"","us","media-entertainment","Media;automotive","katharine-rayner"
2025,221,"Joseph Liemandt",6598000000,"technology",57,1,"us","technology","Software","joseph-liemandt"
2025,222,"Donald Trump",6572890000,"real-estate",79,1,"us","real-estate","Real estate","donald-trump"
2025,223,"Robert Rich Jr",6538680000,"food-beverage",84,1,"us","food-beverage","Frozen foods","robert-rich-jr"
2025,224,"Baiju Bhatt",6514768000,"finance-investments",41,1,"us","finance-investments","Stock trading app","baiju-bhatt"
2025,225,"Herb Simon",6509996000,"real-estate",91,1,"us","real-estate","Real estate","herb-simon"
2025,226,"Ron Baron",6503487000,"finance-investments",82,1,"us","finance-investments","Money management","ron-baron"
2025,227,"H. Ross Perot Jr",6487386000,"real-estate",67,1,"us","real-estate","Real estate","h-ross-perot-jr"
2025,228,"Ray Lee Hunt",6484082000,"energy",82,1,"us","energy","Oil;real estate","ray-lee-hunt"
2025,229,"John A. Sobrato & family",6390484000,"real-estate",86,1,"us","real-estate","Real estate","john-a-sobrato"
2025,230,"Annette Lerner & family",6308767000,"real-estate",95,"","us","real-estate","Real estate","annette-lerner"
2025,231,"Vlad Tenev",6297216000,"finance-investments",38,1,"us","finance-investments","Stock trading app","vlad-tenev"
2025,232,"Steve Lavin & family",6263000000,"food-beverage",70,1,"us","food-beverage","Meat processing","steve-lavin"
2025,233,"Ronald Wanek",6183546000,"manufacturing",84,1,"us","manufacturing","Furniture","ronald-wanek"
2025,234,"Robert Bass",6127332000,"energy",77,1,"us","energy","Oil;investments","robert-bass"
2025,235,"Thomas Pritzker",6121492000,"finance-investments",75,1,"us","finance-investments","Hotels;investments","thomas-pritzker"
2025,236,"Stephen Cohen",6116584000,"technology",43,1,"us","technology","Software","stephen-cohen"
2025,237,"Matthew Prince",6115506000,"technology",51,1,"us","technology","Cybersecurity","matthew-prince"
2025,238,"Mark Meijer & family",6114547000,"fashion-retail",68,1,"us","fashion-retail","Supermarkets","mark-meijer"
2025,239,"Doug Meijer & family",6110547000,"fashion-retail",71,1,"us","fashion-retail","Supermarkets","doug-meijer"
2025,240,"Hank Meijer & family",6110547000,"fashion-retail",73,1,"us","fashion-retail","Supermarkets","hank-meijer"
2025,241,"William Berkley & family",6105315000,"finance-investments",79,1,"us","finance-investments","Insurance","william-berkley"
2025,242,"Mitchell Morgan & family",6089152000,"real-estate",71,1,"us","real-estate","Real estate","mitchell-morgan"
2025,243,"Jennifer Gilbert",6080112000,"finance-investments",57,"","us","finance-investments","Rocket Mortgage","jennifer-gilbert"
2025,244,"Robert Hale Jr",6044000000,"telecom",59,1,"us","telecom","Telecom","robert-hale-jr"
2025,245,"Mark Cuban",6038926000,"media-entertainment",67,1,"us","media-entertainment","Online media;Dallas Mavericks","mark-cuban"
2025,246,"Don Vultaggio & family",6033252000,"food-beverage",73,1,"us","food-beverage","Beverages","don-vultaggio"
2025,247,"Rocco Commisso",6031325000,"telecom",76,1,"us","telecom","Telecom","rocco-commisso"
2025,248,"Jim Davis & family",6026101000,"manufacturing",82,1,"us","manufacturing","New Balance","jim-davis"
2025,249,"Dan Kurzius",6005888000,"technology",54,1,"us","technology","Email marketing","dan-kurzius"
2025,250,"William Goldring & family",6000000000,"food-beverage",82,1,"us","food-beverage","Liquor","william-goldring"
2025,251,"Trevor Rees-Jones",5996685000,"energy",74,1,"us","energy","Oil & gas","trevor-rees-jones"
2025,252,"Reinhold Schmieding",5938746000,"healthcare",70,1,"us","healthcare","Medical devices","reinhold-schmieding"
2025,253,"Rick Caruso",5917720000,"real-estate",66,1,"us","real-estate","Real estate","rick-caruso"
2025,254,"Elizabeth Uihlein",5845801000,"manufacturing",80,"","us","manufacturing","Packaging materials","elizabeth-uihlein"
2025,255,"Richard Uihlein",5845801000,"manufacturing",80,1,"us","manufacturing","Packaging materials","richard-uihlein"
2025,256,"Martha Ingram & family",5834861000,"media-entertainment",90,"","us","media-entertainment","Book distribution;transportation","martha-ingram"
2025,257,"Justin Ishbia",5737044000,"finance-investments",48,1,"us","finance-investments","Private equity","justin-ishbia"
2025,258,"Bill Haslam",5721545000,"fashion-retail",67,1,"us","fashion-retail","Gas stations","bill-haslam"
2025,259,"Thomas Secunda",5721000000,"finance-investments",71,1,"us","finance-investments","Bloomberg LP","thomas-secunda"
2025,260,"John Henry",5718771000,"sports",76,1,"us","sports","Sports","john-henry"
2025,261,"Margot Birmingham Perot",5703833000,"technology",92,"","us","technology","Computer services;real estate","margot-birmingham-perot"
2025,262,"Vincent Viola",5696479000,"finance-investments",69,1,"us","finance-investments","Electronic trading","vincent-viola"
2025,263,"Carl Thoma",5689218000,"finance-investments",77,1,"us","finance-investments","Private equity","carl-thoma"
2025,264,"Rakesh Gangwal",5687093000,"service",72,1,"us","service","Airline","rakesh-gangwal"
2025,265,"Ken Xie & family",5636064000,"technology",62,1,"us","technology","Cybersecurity","ken-xie"
2025,266,"Archie Aldis Emmerson & family",5628137000,"manufacturing",96,1,"us","manufacturing","Timberland;lumber mills","archie-aldis-emmerson"
2025,267,"Jayshree Ullal",5624371000,"technology",64,"","us","technology","Computer networking","jayshree-ullal"
2025,268,"Thomas Hagen & family",5568980000,"finance-investments",90,1,"us","finance-investments","Insurance","thomas-hagen"
2025,269,"Abel Avellan",5538914000,"telecom",54,1,"us","telecom","telecoms","abel-avellan"
2025,270,"Tom Golisano",5535327000,"service",84,1,"us","service","Payroll services","tom-golisano"
2025,271,"Romesh T. Wadhwani",5521000000,"technology",78,1,"us","technology","Software","romesh-t-wadhwani"
2025,272,"Neal Blue & family",5498300000,"manufacturing",90,1,"us","manufacturing","Defense","neal-blue"
2025,273,"Gordon Getty & family",5487680000,"energy",92,1,"us","energy","Getty Oil","gordon-getty"
2025,274,"Jeremy Jacobs Sr & family",5445772000,"service",85,1,"us","service","Food service","jeremy-jacobs-sr"
2025,275,"Jon Yarbrough",5444384000,"gambling-casinos",68,1,"us","gambling-casinos","Gambling machines","jon-yarbrough"
2025,276,"Andy Mills",5422487000,"healthcare",64,1,"us","healthcare","Medical supplies","andy-mills"
2025,277,"Peter Kellogg",5418955000,"finance-investments",83,1,"us","finance-investments","Investments","peter-kellogg"
2025,278,"Barry Diller",5418687000,"media-entertainment",83,1,"us","media-entertainment","Online media","barry-diller"
2025,279,"Charles B. Johnson",5408314000,"finance-investments",92,1,"us","finance-investments","Franklin Templeton","charles-b-johnson"
2025,280,"Russell Savage",5405000000,"food-beverage",55,1,"us","food-beverage","Energy drinks","russell-savage"
2025,281,"Patrick Soon-Shiong",5403431000,"healthcare",73,1,"us","healthcare","Pharmaceuticals","patrick-soon-shiong"
2025,282,"Lynda Resnick",5393500000,"food-beverage",82,"","us","food-beverage","Agriculture","lynda-resnick"
2025,283,"Stewart Resnick",5393500000,"food-beverage",89,1,"us","food-beverage","Agriculture","stewart-resnick"
2025,284,"Jean (Gigi) Pritzker",5392931000,"service",63,"","us","service","Hotels;investments","jean-gigi-pritzker"
2025,285,"Jeff Skoll",5345644000,"technology",60,1,"us","technology","EBay","jeff-skoll"
2025,286,"Jon Stryker",5331597000,"healthcare",67,1,"us","healthcare","Medical equipment","jon-stryker"
2025,287,"Ben Chestnut",5323035000,"technology",51,1,"us","technology","Email marketing","ben-chestnut"
2025,288,"George Lucas",5318730000,"media-entertainment",81,1,"us","media-entertainment","Star Wars","george-lucas"
2025,289,"Thomas Tull",5314500000,"media-entertainment",55,1,"us","media-entertainment","Movies;investments","thomas-tull"
2025,290,"Joe Mansueto",5307755000,"finance-investments",69,1,"us","finance-investments","Investment research","joe-mansueto"
2025,291,"Michael Novogratz",5282315000,"finance-investments",61,1,"us","finance-investments","Investments;cryptocurrency","michael-novogratz"
2025,292,"Eric Lefkofsky",5263837000,"technology",56,1,"us","technology","Groupon;investments","eric-lefkofsky"
2025,293,"Eduardo Vivas",5216071000,"technology",40,1,"us","technology","marketing software;mobile games","eduardo-vivas"
2025,294,"Josh Kushner",5213000000,"finance-investments",40,1,"us","finance-investments","Venture capital","josh-kushner"
2025,295,"Reed Hastings",5184187000,"technology",65,1,"us","technology","Netflix","reed-hastings"
2025,296,"Isaac Perlmutter",5182950000,"media-entertainment",83,1,"us","media-entertainment","Marvel comics","isaac-perlmutter"
2025,297,"Daniel D'Aniello",5121730000,"finance-investments",79,1,"us","finance-investments","Private equity","daniel-daniello"
2025,298,"Edward Stack & family",5120739000,"fashion-retail",71,1,"us","fashion-retail","Dick's Sporting Goods","edward-stack"
2025,299,"Eric Yuan & family",5085026000,"technology",55,1,"us","technology","Zoom Video Communications","eric-yuan"
2025,300,"Tim Sweeney",5076000000,"media-entertainment",55,1,"us","media-entertainment","Video games","tim-sweeney"
2025,301,"Gwendolyn Sontheim Meyer",5069162000,"food-beverage",64,"","us","food-beverage","Cargill","gwendolyn-sontheim-meyer"
2025,302,"Robert Faith",5035358000,"real-estate",62,1,"us","real-estate","Real estate management","robert-faith"
2025,303,"Jim Coulter",5019284000,"finance-investments",66,1,"us","finance-investments","Private equity","jim-coulter"
2025,304,"Bert Beveridge",5006994000,"food-beverage",64,1,"us","food-beverage","Vodka","bert-beveridge"
2025,305,"Arturo Moreno",4986488000,"sports",79,1,"us","sports","Billboards;Los Angeles Angels","arturo-moreno"
2025,306,"Johnelle Hunt",4983475000,"logistics",93,"","us","logistics","Trucking","johnelle-hunt"
2025,307,"Stephen Feinberg",4976000000,"finance-investments",65,1,"us","finance-investments","Private equity","stephen-feinberg"
2025,308,"Mike Brown & family",4969700000,"sports",90,1,"us","sports","Cincinnati Bengals","mike-brown-1"
2025,309,"Michael Saylor",4959530000,"technology",60,1,"us","technology","Cryptocurrency","michael-saylor"
2025,310,"Peter Cancro",4928523000,"food-beverage",68,1,"us","food-beverage","Jersey Mike's Subs","peter-cancro"
2025,311,"Ronald Lauder",4925258000,"fashion-retail",81,1,"us","fashion-retail","Estee Lauder","ronald-lauder"
2025,312,"David Baszucki",4910788000,"technology",62,1,"us","technology","Online games","david-baszucki"
2025,313,"Jack Dorsey",4904256000,"technology",49,1,"us","technology","Twitter;Square","jack-dorsey"
2025,314,"Scott Crabill",4893020000,"finance-investments",55,1,"us","finance-investments","Private equity","scott-crabill"
2025,315,"Holden Spaht",4888471000,"finance-investments",51,1,"us","finance-investments","Private equity","holden-spaht"
2025,316,"Joseph Grendys",4885098000,"food-beverage",64,1,"us","food-beverage","Poultry processing","joseph-grendys"
2025,317,"Steven Klinsky",4884000000,"finance-investments",69,1,"us","finance-investments","Investments","steven-klinsky"
2025,318,"Seth Boro",4865205000,"finance-investments",50,1,"us","finance-investments","Private equity","seth-boro"
2025,319,"Eren Ozmen",4856770000,"manufacturing",67,"","us","manufacturing","Aerospace","eren-ozmen"
2025,320,"John Catsimatidis",4819000000,"energy",77,1,"us","energy","Oil;real estate","john-catsimatidis"
2025,321,"Scott Kapnick",4801739000,"finance-investments",66,1,"us","finance-investments","Private equity","scott-kapnick"
2025,322,"Gail Miller & family",4796850000,"automotive",82,"","us","automotive","Car dealerships","gail-miller"
2025,323,"Hamilton James & family",4779482000,"finance-investments",74,1,"us","finance-investments","Investments","hamilton-james"
2025,324,"Dagmar Dolby & family",4771206000,"technology",84,"","us","technology","Dolby Laboratories","dagmar-dolby"
2025,325,"Michael Xie",4765394000,"technology",56,1,"us","technology","Cybersecurity","michael-xie"
2025,326,"Dan Snyder",4726305000,"sports",61,1,"us","sports","Washington Commanders","dan-snyder"
2025,327,"Michael Intrator",4703023000,"technology",56,1,"us","technology","Technology","michael-intrator"
2025,328,"George Bishop",4701099000,"energy",88,1,"us","energy","Oil & gas","george-bishop"
2025,329,"John Krystynak",4689611000,"technology",57,1,"us","technology","marketing software;mobile games","john-krystynak"
2025,330,"Fatih Ozmen",4667327000,"manufacturing",67,1,"us","manufacturing","Aerospace","fatih-ozmen"
2025,331,"Phil Ruffin",4614301000,"diversified",90,1,"us","diversified","Casinos;real estate","phil-ruffin"
2025,332,"Alan Trefler",4600829000,"technology",69,1,"us","technology","Software","alan-trefler"
2025,333,"Wendy Abrams",4576251000,"healthcare",61,"","us","healthcare","Medical supplies","wendy-abrams"
2025,334,"Austen Cargill II",4574217000,"food-beverage",74,1,"us","food-beverage","Cargill","austen-cargill-ii"
2025,335,"James Cargill II",4574217000,"food-beverage",76,1,"us","food-beverage","Cargill","james-cargill-ii"
2025,336,"Marianne Liebmann",4574217000,"food-beverage",72,"","us","food-beverage","Cargill","marianne-liebmann"
2025,337,"David Filo",4559428000,"technology",59,1,"us","technology","Yahoo","david-filo"
2025,338,"Steven Udvar-Hazy",4497853000,"service",79,1,"us","service","Aircraft leasing","steven-udvar-hazy"
2025,339,"Helen Johnson-Leipold",4482149000,"manufacturing",69,"","us","manufacturing","Cleaning products","helen-johnson-leipold"
2025,340,"David Rubenstein",4478466000,"finance-investments",76,1,"us","finance-investments","Private equity","david-rubenstein"
2025,341,"Lynn Schusterman & family",4448821000,"energy",86,"","us","energy","Oil & gas;investments","lynn-schusterman"
2025,342,"William Conway Jr",4447241000,"finance-investments",76,1,"us","finance-investments","Private equity","william-conway-jr"
2025,343,"Mitchell Rales",4436919000,"manufacturing",69,1,"us","manufacturing","Manufacturing;investments","mitchell-rales"
2025,344,"Anthony Pritzker",4426230000,"service",64,1,"us","service","Hotels;investments","anthony-pritzker"
2025,345,"Rupert Johnson Jr",4414144000,"finance-investments",85,1,"us","finance-investments","Franklin Templeton","rupert-johnson-jr"
2025,346,"Drayton McLane Jr",4406227000,"fashion-retail",89,1,"us","fashion-retail","Walmart;logistics","drayton-mclane-jr"
2025,347,"Winifred J. Marquart",4387606000,"manufacturing",66,"","us","manufacturing","Cleaning products","winifred-j-marquart"
2025,348,"H. Fisk Johnson",4374216000,"manufacturing",67,1,"us","manufacturing","Cleaning products","h-fisk-johnson"
2025,349,"Donald Sterling",4367517000,"real-estate",91,1,"us","real-estate","Real estate","donald-sterling"
2025,350,"S. Curtis Johnson",4367112000,"manufacturing",70,1,"us","manufacturing","Cleaning products","s-curtis-johnson"
2025,351,"Byron Trott",4337000000,"finance-investments",67,1,"us","finance-investments","Investments","byron-trott"
2025,352,"Rodney Sacks & family",4334413000,"food-beverage",76,1,"us","food-beverage","Energy drinks","rodney-sacks"
2025,353,"John Middleton",4328800000,"food-beverage",70,1,"us","food-beverage","Tobacco","john-middleton"
2025,354,"Maggie Hardy",4325572000,"service",60,"","us","service","Building materials","maggie-hardy"
2025,355,"Richard Schulze",4284130000,"fashion-retail",84,1,"us","fashion-retail","Best Buy","richard-schulze"
2025,356,"Stewart Rahr",4271703999,"healthcare",79,1,"us","healthcare","Drug distribution","stewart-rahr"
2025,357,"Penny Pritzker",4255638000,"finance-investments",66,"","us","finance-investments","Hotels;investments","penny-pritzker"
2025,358,"Nancy Mills Barnett",4248669000,"healthcare",62,"","us","healthcare","Medical supplies","nancy-mills-barnett"
2025,359,"Rajiv Jain",4248261999,"finance-investments",57,1,"us","finance-investments","Finance","rajiv-jain"
2025,360,"Eleanor Butt Crook & family",4229600000,"fashion-retail",93,"","us","fashion-retail","Supermarkets","eleanor-butt-crook"
2025,361,"Rodger Riney & family",4196448999,"finance-investments",80,1,"us","finance-investments","Discount brokerage","rodger-riney"
2025,362,"Carl Icahn",4192618999,"finance-investments",89,1,"us","finance-investments","Investments","carl-icahn"
2025,363,"Daniel Och",4170000000,"finance-investments",64,1,"us","finance-investments","Hedge funds","daniel-och"
2025,364,"Paul Foster",4129120000,"energy",68,1,"us","energy","Oil refining","paul-foster"
2025,365,"August Troendle",4121981000,"healthcare",70,1,"us","healthcare","Pharmaceutical services","august-troendle"
2025,366,"Stewart Horejsi & family",4114323000,"finance-investments",88,1,"us","finance-investments","Berkshire Hathaway","stewart-horejsi"
2025,367,"James Duff",4105700000,"diversified",64,1,"us","diversified","Tires;diversified","james-duff"
2025,368,"Thomas Duff",4100899999,"diversified",69,1,"us","diversified","Tires;diversified","thomas-duff"
2025,369,"Todd Christopher",4100000000,"fashion-retail",63,1,"us","fashion-retail","Hair care products","todd-christopher"
2025,370,"Sanjit Biswas",4098979999,"technology",43,1,"us","technology","Sensor systems","sanjit-biswas"
2025,371,"Charles Zegar",4075000000,"finance-investments",77,1,"us","finance-investments","Bloomberg LP","charles-zegar"
2025,372,"Bob Parsons",4073000000,"technology",75,1,"us","technology","Web hosting","bob-parsons"
2025,373,"C. Dean Metropoulos",4067361000,"food-beverage",79,1,"us","food-beverage","Investments","c-dean-metropoulos"
2025,374,"Bom Kim",4063188000,"technology",47,1,"us","technology","Online retailing","bom-kim"
2025,375,"John Paulson",4048000000,"finance-investments",70,1,"us","finance-investments","Hedge funds","john-paulson"
2025,376,"Thomas Siebel",4047375000,"technology",73,1,"us","technology","Business software","thomas-siebel"
2025,377,"Phillip T. (Terry) Ragon",4047343000,"technology",76,1,"us","technology","Health IT","phillip-t-terry-ragon"
2025,378,"Herbert Wertheim",4030321000,"finance-investments",86,1,"us","finance-investments","Investments","herbert-wertheim"
2025,379,"Jim Davis",4015225000,"service",65,1,"us","service","Staffing & recruiting","jim-davis-1"
2025,380,"Jack Link & family",4000000000,"food-beverage",79,1,"us","food-beverage","Jack Link's meat snacks","jack-link"
2025,381,"Neal Aronson",3996200000,"finance-investments",60,1,"us","finance-investments","Private equity","neal-aronson"
2025,382,"Marc Lore",3979390000,"technology",54,1,"us","technology","Jet.com","marc-lore"
2025,383,"John Bicket",3968693000,"technology",45,1,"us","technology","Sensor systems","john-bicket"
2025,384,"Robert Johnson & family",3961391000,"sports",78,1,"us","sports","Johnson & Johnson;New York Jets","robert-johnson-3"
2025,385,"Amos Hostetter Jr",3902245000,"media-entertainment",88,1,"us","media-entertainment","Cable television","amos-hostetter-jr"
2025,386,"J.B. Pritzker",3890363000,"finance-investments",60,1,"us","finance-investments","Hotels;investments","jb-pritzker"
2025,387,"Sid Bass",3883083000,"energy",83,1,"us","energy","Oil;investments","sid-bass"
2025,388,"Theodore Leonsis",3877424000,"sports",69,1,"us","sports","Sports teams","theodore-leonsis"
2025,389,"José E. Feliciano",3876800000,"finance-investments",52,1,"us","finance-investments","Private equity","jose-e-feliciano"
2025,390,"Meg Whitman",3869897000,"technology",69,"","us","technology","EBay","meg-whitman"
2025,391,"Pat Stryker",3869783000,"healthcare",69,"","us","healthcare","Medical equipment","pat-stryker"
2025,392,"Steve Wynn",3864945000,"gambling-casinos",83,1,"us","gambling-casinos","Casinos;hotels","steve-wynn"
2025,393,"William Stone",3857056000,"technology",70,1,"us","technology","Software","william-stone"
2025,394,"Behdad Eghbali",3856300000,"finance-investments",49,1,"us","finance-investments","Private equity","behdad-eghbali"
2025,395,"Mark Shoen",3852070000,"automotive",75,1,"us","automotive","U-Haul","mark-shoen"
2025,396,"Daniel Loeb",3851219000,"finance-investments",64,1,"us","finance-investments","Hedge funds","daniel-loeb"
2025,397,"Michael Jordan",3843000000,"sports",62,1,"us","sports","Charlotte Hornets;endorsements","michael-jordan"
2025,398,"Peter Gassner",3835529000,"technology",60,1,"us","technology","Software","peter-gassner"
2025,399,"Edward DeBartolo Jr",3823371000,"real-estate",79,1,"us","real-estate","Shopping centers","edward-debartolo-jr"
2025,400,"Ira Rennert",3813800000,"finance-investments",91,1,"us","finance-investments","Investments","ira-rennert"
2025,401,"Margaret Baker",3795337000,"healthcare",60,"","us","healthcare","Medical supplies","margaret-baker"
2025,402,"Todd Wanek",3785271000,"manufacturing",61,1,"us","manufacturing","Furniture","todd-wanek"
2025,403,"Scott Shleifer",3780000000,"finance-investments",48,1,"us","finance-investments","Private equity","scott-shleifer"
2025,404,"Travis Boersma",3734396000,"food-beverage",55,1,"us","food-beverage","Coffee","travis-boersma"
2025,405,"Lorenzo Fertitta",3734091000,"sports",56,1,"us","sports","Casinos;mixed martial arts","lorenzo-fertitta"
2025,406,"Ray Davis",3731015000,"energy",84,1,"us","energy","Pipelines","ray-davis"
2025,407,"Danny Harris",3728711000,"fashion-retail",53,1,"us","fashion-retail","Alo Yoga","danny-harris"
2025,408,"John Fisher",3722634000,"fashion-retail",64,1,"us","fashion-retail","Gap","john-fisher"
2025,409,"Frank Fertitta III",3718251000,"sports",63,1,"us","sports","Casinos;mixed martial arts","frank-fertitta-iii"
2025,410,"Ben Lamm",3700000000,"technology",44,1,"us","technology","biotech","ben-lamm"
2025,411,"Daniela Amodei",3700000000,"technology",38,"","us","technology","Artificial intelligence","daniela-amodei"
2025,412,"Dario Amodei",3700000000,"technology",43,1,"us","technology","Artifical intelligence","dario-amodei"
2025,413,"Jack Clark",3700000000,"technology","",1,"us","technology","Artificial intelligence","jack-clark"
2025,414,"Jared Kaplan",3700000000,"technology",41,1,"us","technology","Artificial intelligence","jared-kaplan"
2025,415,"Sam McCandlish",3700000000,"technology",35,1,"us","technology","Artificial intelligence","sam-mccandlish"
2025,416,"Tom Brown",3700000000,"technology",38,1,"us","technology","Artificial intelligence","tom-brown"
2025,417,"Marco DeGeorge",3692499000,"fashion-retail",52,1,"us","fashion-retail","Alo Yoga","marco-degeorge"
2025,418,"Kavitark Ram Shriram",3668318000,"technology",68,1,"us","technology","Google;venture capital","kavitark-ram-shriram"
2025,419,"Ron Burkle",3659712000,"finance-investments",73,1,"us","finance-investments","Supermarkets;investments","ron-burkle"
2025,420,"David Blitzer",3646000000,"sports",56,1,"us","sports","Sports","david-blitzer"
2025,421,"Hemant Taneja",3632000000,"technology",50,1,"us","technology","Venture capital","hemant-taneja"
2025,422,"Cameron Winklevoss",3620412000,"finance-investments",44,1,"us","finance-investments","Cryptocurrency","cameron-winklevoss"
2025,423,"Tyler Winklevoss",3620412000,"finance-investments",44,1,"us","finance-investments","Cryptocurrency","tyler-winklevoss"
2025,424,"Leon G. Cooperman",3614000000,"finance-investments",82,1,"us","finance-investments","Hedge funds","leon-g-cooperman"
2025,425,"Brian Acton",3581000000,"technology",53,1,"us","technology","WhatsApp","brian-acton"
2025,426,"Thomas James",3577964000,"finance-investments",83,1,"us","finance-investments","Finance","thomas-james"
2025,427,"Richard Peery",3575104000,"real-estate",87,1,"us","real-estate","Real estate","richard-peery"
2025,428,"Pablo Legorreta",3573269000,"finance-investments",62,1,"us","finance-investments","Investments","pablo-legorreta"
2025,429,"William Wrigley Jr",3567950000,"food-beverage",62,1,"us","food-beverage","Chewing gum","william-wrigley-jr"
2025,430,"Robert Friedland",3563114000,"metals-mining",75,1,"us","metals-mining","Mining","robert-friedland"
2025,431,"Travis Kalanick",3562000000,"technology",49,1,"us","technology","Uber","travis-kalanick"
2025,432,"Palmer Luckey",3554811000,"technology",33,1,"us","technology","Virtual reality;defense technology","palmer-luckey"
2025,433,"Susan Alfond",3537306000,"fashion-retail",80,"","us","fashion-retail","Shoes","susan-alfond"
2025,434,"Ted Alfond",3537306000,"fashion-retail",81,1,"us","fashion-retail","Shoes","ted-alfond"
2025,435,"Bill Alfond",3537236000,"fashion-retail",77,1,"us","fashion-retail","Shoes","bill-alfond"
2025,436,"Vincent McMahon",3531146000,"sports",80,1,"us","sports","Entertainment","vincent-mcmahon"
2025,437,"David Dean Halbert",3500056000,"healthcare",70,1,"us","healthcare","Biotech","david-dean-halbert"
2025,438,"Warren Stephens",3493854000,"finance-investments",68,1,"us","finance-investments","Investment banking","warren-stephens"
2025,439,"Joe Lonsdale",3489357000,"technology",43,1,"us","technology","tech investments","joe-lonsdale"
2025,440,"Norman Braman",3462323000,"automotive",93,1,"us","automotive","Art;car dealerships","norman-braman"
2025,441,"Ankur Jain",3423369000,"finance-investments",35,1,"us","finance-investments","Rewards firm","ankur-jain"
2025,442,"Nick Caporella",3410306000,"food-beverage",89,1,"us","food-beverage","Beverages","nick-caporella"
2025,443,"Parker Conrad",3400000000,"technology",45,1,"us","technology","Software","parker-conrad"
2025,444,"Jonathan Nelson",3395800000,"finance-investments",69,1,"us","finance-investments","Private equity","jonathan-nelson"
2025,445,"Bill Austin",3387411000,"manufacturing",83,1,"us","manufacturing","Hearing aids","bill-austin"
2025,446,"J. Tomilson Hill",3375860000,"finance-investments",77,1,"us","finance-investments","Investments","j-tomilson-hill"
2025,447,"Frank Slootman",3358581000,"technology",67,1,"us","technology","Software","frank-slootman"
2025,448,"Alejandro Santo Domingo",3355021000,"food-beverage",48,1,"us","food-beverage","Beer","alejandro-santo-domingo"
2025,449,"Howard Lutnick",3333926000,"finance-investments",64,1,"us","finance-investments","Finance","howard-lutnick"
2025,450,"Jorge Mas",3281599000,"construction-engineering",62,1,"us","construction-engineering","Construction","jorge-mas"
2025,451,"George Argyros & family",3281007000,"real-estate",88,1,"us","real-estate","Real estate;investments","george-argyros"
2025,452,"Howard Schultz",3271571000,"food-beverage",72,1,"us","food-beverage","Starbucks","howard-schultz"
2025,453,"E. Joe Shoen",3268309000,"automotive",76,1,"us","automotive","U-Haul","e-joe-shoen"
2025,454,"Jay Paul",3267006000,"real-estate",78,1,"us","real-estate","Real estate","jay-paul"
2025,455,"Lawrence Golub",3252000000,"finance-investments",66,1,"us","finance-investments","Private equity","lawrence-golub"
2025,456,"Haim Saban",3250106000,"media-entertainment",81,1,"us","media-entertainment","TV network;investments","haim-saban"
2025,457,"Alexis Lê-Quôc",3240470000,"technology",51,1,"us","technology","Cloud computing","alexis-le-quoc"
2025,458,"Weili Dai",3237173000,"technology",64,"","us","technology","Semiconductors","weili-dai"
2025,459,"Frank VanderSloot",3233270000,"fashion-retail",77,1,"us","fashion-retail","Nutrition;wellness products","frank-vandersloot"
2025,460,"Glen Taylor",3218085000,"service",84,1,"us","service","Printing","glen-taylor"
2025,461,"Alexandr Wang",3215000000,"technology",28,1,"us","technology","artificial intelligence","alexandr-wang"
2025,462,"Jeff Rothschild",3212702000,"technology",70,1,"us","technology","Facebook","jeff-rothschild"
2025,463,"Vasily Shikin",3192076000,"technology",40,1,"us","technology","marketing software;mobile games","vasily-shikin"
2025,464,"Ben Navarro",3190296000,"finance-investments",63,1,"us","finance-investments","Investments","ben-navarro"
2025,465,"William Chisholm",3179200000,"finance-investments",57,1,"us","finance-investments","Private equity","william-chisholm"
2025,466,"Oprah Winfrey",3159043000,"media-entertainment",71,"","us","media-entertainment","TV shows","oprah-winfrey"
2025,467,"Duke Reyes",3123000000,"food-beverage",68,1,"us","food-beverage","Beer distribution","duke-reyes"
2025,468,"J. Hyatt Brown",3121951000,"finance-investments",88,1,"us","finance-investments","Insurance","j-hyatt-brown"
2025,469,"Jim Breyer",3103203000,"finance-investments",64,1,"us","finance-investments","Venture capital","jim-breyer"
2025,470,"Jerry Yang",3076177000,"technology",57,1,"us","technology","Yahoo","jerry-yang"
2025,471,"Sean Parker",3044985000,"technology",46,1,"us","technology","Facebook","sean-parker"
2025,472,"Jeffrey Talpins",3000000000,"finance-investments",50,1,"us","finance-investments","Hedge fund","jeffrey-talpins"
2025,473,"Michael S. Smith",3000000000,"energy",70,1,"us","energy","Liquefied natural gas","michael-s-smith"
2025,474,"Jamie Dimon",2982793000,"finance-investments",69,1,"us","finance-investments","Banking","jamie-dimon"
2025,475,"Howard Butt III & family",2959000000,"fashion-retail",73,1,"us","fashion-retail","Supermarkets","howard-butt-iii"
2025,476,"Stephen Butt & family",2959000000,"fashion-retail",70,1,"us","fashion-retail","Supermarkets","stephen-butt"
2025,477,"Brian Venturo",2955694000,"technology",41,1,"us","technology","Technology","brian-venturo"
2025,478,"Herb Chambers",2943214000,"automotive",84,1,"us","automotive","Car dealerships","herb-chambers"
2025,479,"Clifford Asness",2939000000,"finance-investments",59,1,"us","finance-investments","Money management","clifford-asness"
2025,480,"Nicolas Berggruen",2934939000,"real-estate",64,1,"us","real-estate","Real estate;investments","nicolas-berggruen"
2025,481,"John Arnold",2933000000,"finance-investments",51,1,"us","finance-investments","Hedge funds","john-arnold"
2025,482,"Joel Greenberg",2922000000,"finance-investments",68,1,"us","finance-investments","Trading;investments","joel-greenberg"
2025,483,"Robert Clark",2911365000,"construction-engineering",66,1,"us","construction-engineering","Construction","robert-clark"
2025,484,"Aneel Bhusri",2890332000,"technology",59,1,"us","technology","Business software","aneel-bhusri"
2025,485,"Tim Draper",2879250000,"finance-investments",67,1,"us","finance-investments","cryptocurrency","tim-draper"
2025,486,"Andrew Bialecki",2878747000,"technology",40,1,"us","technology","Marketing software","andrew-bialecki"
2025,487,"Daniel Pritzker",2873628000,"finance-investments",66,1,"us","finance-investments","Hotels;investments","daniel-pritzker"
2025,488,"David Booth",2868773000,"finance-investments",80,1,"us","finance-investments","Mutual funds","david-booth"
2025,489,"Hayes Barnard",2867947000,"finance-investments",53,1,"us","finance-investments","Fintech","hayes-barnard"
2025,490,"Glenn Dubin",2864000000,"finance-investments",68,1,"us","finance-investments","Hedge funds","glenn-dubin"
2025,491,"Jed McCaleb",2850000000,"finance-investments",51,1,"us","finance-investments","Cryptocurrency","jed-mccaleb"
2025,492,"John Paul DeJoria",2841447000,"fashion-retail",81,1,"us","fashion-retail","Hair products;tequila","john-paul-dejoria"
2025,493,"Edward Bass",2828836000,"energy",80,1,"us","energy","Oil;investments","edward-bass"
2025,494,"John Tyson & family",2824043000,"food-beverage",72,1,"us","food-beverage","Food processing","john-tyson"
2025,495,"Albert Chao & family",2819105000,"manufacturing",76,1,"us","manufacturing","Chemicals;building products","albert-chao"
2025,496,"Dorothy Chao Jenkins & family",2819105000,"manufacturing",80,"","us","manufacturing","Chemicals;building products","dorothy-chao-jenkins"
2025,497,"James Chao & family",2819105000,"manufacturing",78,1,"us","manufacturing","Chemicals;building products","james-chao"
2025,498,"Scott Nuttall",2805107000,"finance-investments",53,1,"us","finance-investments","Private equity","scott-nuttall"
2025,499,"Mortimer Zuckerman",2802385000,"real-estate",88,1,"us","real-estate","Real estate;media","mortimer-zuckerman"
2025,500,"Safra Catz",2801023000,"technology",64,"","us","technology","Software","safra-catz"
2025,501,"Ted Turner",2787048000,"media-entertainment",87,1,"us","media-entertainment","Cable television","ted-turner"
2025,502,"Stephen Deckoff",2784539000,"finance-investments",60,1,"us","finance-investments","Private equity","stephen-deckoff"
2025,503,"Brett Hildebrand",2780000000,"finance-investments",64,1,"us","finance-investments","Banking;credit cards","brett-hildebrand"
2025,504,"Fernando De Leon",2773294000,"real-estate",47,1,"us","real-estate","Real Estate","fernando-de-leon"
2025,505,"Barry Sternlicht",2769687000,"finance-investments",65,1,"us","finance-investments","Private equity","barry-sternlicht"
2025,506,"Bennett Dorrance",2769088000,"food-beverage",79,1,"us","food-beverage","Campbell Soup","bennett-dorrance"
2025,507,"Bijan Tehrani",2766256000,"gambling-casinos",32,1,"us","gambling-casinos","Online casino","bijan-tehrani"
2025,508,"William Boyd & family",2766250000,"gambling-casinos",94,1,"us","gambling-casinos","Casinos;banking","william-boyd"
2025,509,"Leonard Schleifer",2764173000,"healthcare",73,1,"us","healthcare","Pharmaceuticals","leonard-schleifer"
2025,510,"Felix Baker",2756000000,"finance-investments",56,1,"us","finance-investments","Biotech investing","felix-baker"
2025,511,"Julian Baker",2755000000,"finance-investments",59,1,"us","finance-investments","Biotech investing","julian-baker"
2025,512,"Kamal Ghaffarian",2754960000,"energy",67,1,"us","energy","Space;energy","kamal-ghaffarian"
2025,513,"Bernard Saul II & family",2746218000,"finance-investments",93,1,"us","finance-investments","Banking;real estate","bernard-saul-ii"
2025,514,"Fred Ehrsam",2743169000,"finance-investments",37,1,"us","finance-investments","cryptocurrency exchange","fred-ehrsam"
2025,515,"Tony Xu",2737015000,"technology",41,1,"us","technology","food delivery service","tony-xu"
2025,516,"John Pritzker",2699000000,"finance-investments",72,1,"us","finance-investments","Hotels;investments","john-pritzker"
2025,517,"Lee Bass",2696204000,"energy",69,1,"us","energy","Oil;investments","lee-bass"
2025,518,"Robert Sands",2693702000,"food-beverage",67,1,"us","food-beverage","Liquor","robert-sands"
2025,519,"Jeff Sutton",2689892000,"real-estate",65,1,"us","real-estate","Real estate","jeff-sutton"
2025,520,"Matthew Roszak",2685339000,"finance-investments",53,1,"us","finance-investments","Cryptocurrency","matthew-roszak"
2025,521,"William Foley II",2678315000,"finance-investments",81,1,"us","finance-investments","Financial services","william-foley-ii"
2025,522,"George Joseph",2652566000,"finance-investments",104,1,"us","finance-investments","Insurance","george-joseph"
2025,523,"Wayne Rothbaum",2647892000,"healthcare",57,1,"us","healthcare","Biotech investing","wayne-rothbaum"
2025,524,"Ryan Smith",2643000000,"technology",47,1,"us","technology","Cloud computing","ryan-smith"
2025,525,"Jorge Perez",2641728000,"real-estate",76,1,"us","real-estate","Real estate","jorge-perez"
2025,526,"Susan Ocampo & family",2633224000,"technology",67,"","us","technology","Semiconductors","susan-ocampo"
2025,527,"Henry Swieca",2630800000,"finance-investments",68,1,"us","finance-investments","Hedge funds","henry-swieca"
2025,528,"Gerald Ford",2627564000,"finance-investments",81,1,"us","finance-investments","Banking","gerald-ford"
2025,529,"Jeff T. Green",2612854000,"media-entertainment",48,1,"us","media-entertainment","Digital advertising","jeff-t-green"
2025,530,"Tim Cook",2607118000,"technology",65,1,"us","technology","Apple","tim-cook"
2025,531,"Henry Laufer",2600000000,"finance-investments",80,1,"us","finance-investments","Hedge funds","henry-laufer"
2025,532,"Richard LeFrak & family",2596127000,"real-estate",80,1,"us","real-estate","Real estate","richard-lefrak"
2025,533,"Daniel Sundheim",2586000000,"finance-investments",48,1,"us","finance-investments","Hedge funds","daniel-sundheim"
2025,534,"Evan Spiegel",2583028000,"technology",35,1,"us","technology","Snapchat","evan-spiegel"
2025,535,"Doug Ostrover",2582184000,"finance-investments",63,1,"us","finance-investments","Private equity","doug-ostrover"
2025,536,"Joseph Bae",2582154000,"finance-investments",53,1,"us","finance-investments","Private equity","joseph-bae"
2025,537,"William Young",2582000000,"manufacturing",85,1,"us","manufacturing","Plastics","william-young"
2025,538,"Kathy Britton",2556859000,"real-estate",56,"","us","real-estate","Homebuilding","kathy-britton"
2025,539,"Roy Carroll II",2552941000,"real-estate",63,1,"us","real-estate","Real estate","roy-carroll-ii"
2025,540,"David Golub",2547000000,"finance-investments",63,1,"us","finance-investments","Private equity","david-golub"
2025,541,"Barbara Banke & family",2543000000,"food-beverage",72,"","us","food-beverage","Wine","barbara-banke-1"
2025,542,"Mark Davis",2542500000,"sports",70,1,"us","sports","Las Vegas Raiders","mark-davis-1"
2025,543,"Jennifer Pritzker",2536611000,"finance-investments",75,"","us","finance-investments","Hotels;investments","jennifer-pritzker"
2025,544,"David Zalik",2529760000,"technology",51,1,"us","technology","Financial technology","david-zalik"
2025,545,"Jay-Z",2529527000,"media-entertainment",56,1,"us","media-entertainment","Music","jay-z"
2025,546,"Dwight Schar",2527152000,"construction-engineering",83,1,"us","construction-engineering","Homebuilding;NFL team","dwight-schar"
2025,547,"Anthony Wood",2509550000,"technology",60,1,"us","technology","Roku","anthony-wood"
2025,548,"Richard Hayne",2507373000,"fashion-retail",78,1,"us","fashion-retail","Urban Outfitters","richard-hayne"
2025,549,"Roger Wang",2501038000,"fashion-retail",77,1,"us","fashion-retail","Retail","roger-wang"
2025,550,"Michael Polsky",2500000000,"energy",77,1,"us","energy","Electric power","michael-polsky"
2025,551,"Joseph Edelman",2498000000,"finance-investments",70,1,"us","finance-investments","Hedge funds","joseph-edelman"
2025,552,"Jeff Tangney",2477186000,"healthcare",53,1,"us","healthcare","Healthcare IT","jeff-tangney"
2025,553,"Kenneth Feld & family",2470374000,"media-entertainment",77,1,"us","media-entertainment","Live entertainment","kenneth-feld"
2025,554,"Richard Sands",2464577000,"food-beverage",74,1,"us","food-beverage","Liquor","richard-sands"
2025,555,"Reid Hoffman",2459610000,"technology",58,1,"us","technology","LinkedIn","reid-hoffman"
2025,556,"Jane Lauder",2458478000,"fashion-retail",53,"","us","fashion-retail","Estée Lauder","jane-lauder"
2025,557,"Stephen Mandel Jr",2451500000,"finance-investments",69,1,"us","finance-investments","Hedge funds","stephen-mandel-jr"
2025,558,"Barbara Tyson",2444425000,"food-beverage",76,"","us","food-beverage","Food processing","barbara-tyson"
2025,559,"Herald Chen",2441359000,"technology",55,1,"us","technology","Marketing software;mobile games","herald-chen"
2025,560,"Adebayo Ogunlesi",2431248000,"finance-investments",72,1,"us","finance-investments","Private Equity","adebayo-ogunlesi"
2025,561,"Antonio Gracias",2422209000,"finance-investments",55,1,"us","finance-investments","Investments","antonio-gracias"
2025,562,"John Stanton",2421013000,"telecom",70,1,"us","telecom","wireless","john-stanton"
2025,563,"Tor Peterson",2414155000,"metals-mining",61,1,"us","metals-mining","Commodities","tor-peterson"
2025,564,"Jimmy John Liautaud",2400000000,"food-beverage",61,1,"us","food-beverage","Sandwich chain","jimmy-john-liautaud"
2025,565,"Bruce Karsh",2386387000,"finance-investments",70,1,"us","finance-investments","Private equity","bruce-karsh"
2025,566,"Jim Crane",2374000000,"sports",71,1,"us","sports","Logistics;baseball","jim-crane"
2025,567,"Henry Davis",2370000000,"food-beverage",74,1,"us","food-beverage","Beef processing","henry-davis"
2025,568,"Patrizio Vinciarelli",2367875000,"technology",79,1,"us","technology","electronic components","patrizio-vinciarelli"
2025,569,"Steve Case",2357165000,"technology",67,1,"us","technology","AOL","steve-case"
2025,570,"Sheryl Sandberg",2352490000,"technology",56,"","us","technology","Facebook","sheryl-sandberg"
2025,571,"David Walentas",2348400000,"real-estate",87,1,"us","real-estate","Real estate","david-walentas"
2025,572,"Kevin Systrom",2345379000,"technology",42,1,"us","technology","Instagram","kevin-systrom"
2025,573,"Joe Lacob",2344000000,"sports",69,1,"us","sports","Golden State Warriors","joe-lacob"
2025,574,"Jason Murray",2340546000,"healthcare",46,1,"us","healthcare","Nursing facilities","jason-murray"
2025,575,"Mark Hancock",2335750000,"healthcare",50,1,"us","healthcare","Nursing facilities","mark-hancock"
2025,576,"Bennett Rosenthal",2330853000,"finance-investments",62,1,"us","finance-investments","Finance","bennett-rosenthal"
2025,577,"Daniel Lubetzky",2324000000,"food-beverage",57,1,"us","food-beverage","Snack bars","daniel-lubetzky"
2025,578,"Kenneth Hao",2313071000,"finance-investments",57,1,"us","finance-investments","Private equity","kenneth-hao"
2025,579,"Marcelo Claure",2304183000,"telecom",55,1,"us","telecom","Cell phone distribution","marcelo-claure"
2025,580,"Jonathan Tisch",2301788000,"diversified",72,1,"us","diversified","Loews;New York Giants","jonathan-tisch"
2025,581,"Willis Johnson",2291105000,"automotive",78,1,"us","automotive","Damaged cars","willis-johnson"
2025,582,"Jerry Reinsdorf",2290000000,"sports",89,1,"us","sports","Sports teams","jerry-reinsdorf"
2025,583,"David Adelman",2282000000,"real-estate",53,1,"us","real-estate","Real estate;asset management","david-adelman"
2025,584,"Wesley Edens",2280198000,"finance-investments",64,1,"us","finance-investments","Investments","wesley-edens"
2025,585,"Egon Durban",2275000000,"finance-investments",52,1,"us","finance-investments","Private equity","egon-durban"
2025,586,"Greg Mondre",2275000000,"finance-investments",51,1,"us","finance-investments","Private equity","greg-mondre"
2025,587,"Stefan Soloviev",2274501000,"real-estate",50,1,"us","real-estate","Real estate;grains","stefan-soloviev"
2025,588,"John Fish",2271000000,"construction-engineering",65,1,"us","construction-engineering","Construction","john-fish"
2025,589,"Ryan Horton",2265170000,"real-estate",52,1,"us","real-estate","Homebuilding","ryan-horton"
2025,590,"Leonard Abess",2259910000,"finance-investments",77,1,"us","finance-investments","Banking","leonard-abess"
2025,591,"Reagan Horton",2259702000,"real-estate",50,1,"us","real-estate","Homebuilding","reagan-horton"
2025,592,"Tom Ford",2248000000,"fashion-retail",64,1,"us","fashion-retail","Fashion","tom-ford-1"
2025,593,"Edward Lampert",2234690000,"finance-investments",63,1,"us","finance-investments","Sears","edward-lampert"
2025,594,"Irving Grousbeck & family",2229000000,"sports",91,1,"us","sports","Telecommunication;sports","irving-grousbeck"
2025,595,"David Kaplan",2228544000,"finance-investments",58,1,"us","finance-investments","Finance","david-kaplan"
2025,596,"Jerry Speyer & family",2219312000,"real-estate",85,1,"us","real-estate","Real estate","jerry-speyer"
2025,597,"David Paul",2218930000,"healthcare",59,1,"us","healthcare","Medical devices","david-paul"
2025,598,"Max Levchin",2215687000,"finance-investments",50,1,"us","finance-investments","fintech","max-levchin"
2025,599,"James Scapa",2208499000,"technology",68,1,"us","technology","Software","james-scapa"
2025,600,"Adarsh Hiremath",2200000000,"technology",22,1,"us","technology","AI Software","adarsh-hiremath"
2025,601,"Brendan Foody",2200000000,"technology",22,1,"us","technology","AI Software","brendan-foody"
2025,602,"Surya Midha",2200000000,"technology",22,1,"us","technology","AI Software","surya-midha"
2025,603,"Howard Marks",2196803000,"finance-investments",79,1,"us","finance-investments","Private equity","howard-marks"
2025,604,"James Dinan",2194000000,"finance-investments",66,1,"us","finance-investments","Hedge funds","james-dinan"
2025,605,"Alan Miller & family",2191037000,"healthcare",88,1,"us","healthcare","Healthcare services","alan-miller-1"
2025,606,"Brannin McBee",2187604000,"technology",40,1,"us","technology","Technology","brannin-mcbee"
2025,607,"Noam Gottesman",2177978000,"finance-investments",64,1,"us","finance-investments","Hedge funds","noam-gottesman"
2025,608,"Alexandra Daitch",2176610000,"food-beverage",63,"","us","food-beverage","Cargill","alexandra-daitch"
2025,609,"Lucy Stitzer",2176610000,"food-beverage",66,"","us","food-beverage","Cargill","lucy-stitzer"
2025,610,"Sarah MacMillan",2176610000,"food-beverage",72,"","us","food-beverage","Cargill","sarah-macmillan"
2025,611,"Larry Robbins",2164000000,"finance-investments",56,1,"us","finance-investments","Hedge funds","larry-robbins"
2025,612,"Michael Arougheti",2162486000,"finance-investments",53,1,"us","finance-investments","Finance","michael-arougheti"
2025,613,"Lloyd Blankfein",2150976000,"finance-investments",71,1,"us","finance-investments","Banking","lloyd-blankfein"
2025,614,"Richard Saghian",2149000000,"fashion-retail",44,1,"us","fashion-retail","Fast fashion","richard-saghian"
2025,615,"Jon Winkelried",2148740000,"finance-investments",66,1,"us","finance-investments","Private equity;banking","jon-winkelried"
2025,616,"Phillip Frost",2143483000,"healthcare",89,1,"us","healthcare","Pharmaceuticals","phillip-frost"
2025,617,"Paul Saville",2137949000,"real-estate",70,1,"us","real-estate","Homebuilder","paul-saville"
2025,618,"Alec Gores",2120460000,"finance-investments",72,1,"us","finance-investments","Private equity","alec-gores"
2025,619,"Drew Houston",2108659000,"technology",42,1,"us","technology","Cloud storage service","drew-houston"
2025,620,"Wilma Tisch",2106966000,"diversified",98,"","us","diversified","Loews","wilma-tisch"
2025,621,"Anthony Casalena",2102000000,"technology",43,1,"us","technology","Software","anthony-casalena"
2025,622,"T. Denny Sanford",2099414000,"finance-investments",90,1,"us","finance-investments","Banking;credit cards","t-denny-sanford"
2025,623,"Anita Zucker",2098900000,"manufacturing",73,"","us","manufacturing","Chemicals","anita-zucker"
2025,624,"Larry Connor & family",2087938999,"real-estate",75,1,"us","real-estate","Real estate","larry-connor"
2025,625,"Walter Wang",2083043000,"manufacturing",61,1,"us","manufacturing","Manufacturing","walter-wang-1"
2025,626,"Steven Sarowitz",2068886000,"technology",60,1,"us","technology","Payroll software","steven-sarowitz"
2025,627,"Craig McCaw",2067929999,"telecom",76,1,"us","telecom","Telecom","craig-mccaw"
2025,628,"Patrick Hanrahan",2050831999,"technology",70,1,"us","technology","Software","patrick-hanrahan"
2025,629,"Bobby Murphy",2048527000,"technology",37,1,"us","technology","Snapchat","bobby-murphy"
2025,630,"Shuo Wang",2040000000,"technology",36,"","us","technology","HR software","shuo-wang"
2025,631,"John Abele & family",2039000000,"healthcare",88,1,"us","healthcare","Healthcare","john-abele"
2025,632,"Paul Lee",2038857000,"manufacturing",68,1,"us","manufacturing","Battery separators","paul-lee-1"
2025,633,"Tom Werner",2036430000,"sports",75,1,"us","sports","Sports teams","tom-werner-1"
2025,634,"Steven Schonfeld",2035000000,"finance-investments",66,1,"us","finance-investments","Hedge funds","steven-schonfeld"
2025,635,"Raj Sardana",2033898000,"technology",65,1,"us","technology","Technology services","raj-sardana"
2025,636,"Stephen Orenstein & family",2030672000,"diversified",62,1,"us","diversified","Supply chain services","stephen-orenstein"
2025,637,"Thomas Steyer",2029757000,"finance-investments",68,1,"us","finance-investments","Hedge funds","thomas-steyer"
2025,638,"Linda Pritzker",2015958000,"service",72,"","us","service","Hotels;investments","linda-pritzker"
2025,639,"Amy Adams Strunk",2008000000,"sports",70,"","us","sports","Tennessee Titans","amy-adams-strunk"
2025,640,"Joseph 'Pitt'  Reeves Hyde III",2000000000,"automotive",83,1,"us","automotive","Auto Parts","joseph-pitt-reeves-hyde-iii"
2025,641,"David Lichtenstein",1996614000,"real-estate",64,1,"us","real-estate","Real estate","david-lichtenstein"
2025,642,"Gregg Hymowitz",1996000000,"finance-investments",60,1,"us","finance-investments","Asset management","gregg-hymowitz"
2025,643,"Gary Chouest & family",1995148000,"logistics",81,1,"us","logistics","Shipping","gary-chouest"
2025,644,"Amy Wyss",1979000000,"healthcare",55,"","us","healthcare","Medical equipment","amy-wyss"
2025,645,"Dylan Field",1974630000,"technology",33,1,"us","technology","Software","dylan-field"
2025,646,"Sam Altman",1968965000,"finance-investments",40,1,"us","finance-investments","Investments","sam-altman"
2025,647,"David Hoffmann",1965582000,"diversified",73,1,"us","diversified","Executive search;investments","david-hoffmann"
2025,648,"Bruce Toll",1957142000,"real-estate",82,1,"us","real-estate","Homebuilding","bruce-toll"
2025,649,"Steven Witkoff",1955372000,"real-estate",68,1,"us","real-estate","Real estate","steven-witkoff"
2025,650,"Mario Gabelli",1954953000,"finance-investments",83,1,"us","finance-investments","Money management","mario-gabelli"
2025,651,"Geoffrey Palmer",1952451000,"real-estate",75,1,"us","real-estate","Real estate","geoffrey-palmer"
2025,652,"Evan Williams",1952000000,"technology",53,1,"us","technology","Twitter","evan-williams"
2025,653,"William Koch",1951000000,"energy",85,1,"us","energy","Oil;investments","william-koch"
2025,654,"Christopher Goldsbury",1950591000,"food-beverage",83,1,"us","food-beverage","Salsa","christopher-goldsbury"
2025,655,"Herbert Allen Jr & family",1946146000,"finance-investments",85,1,"us","finance-investments","Investment banking","herbert-allen-jr"
2025,656,"Ingrid Wu",1943695000,"manufacturing","","","us","manufacturing","Manufacturing","ingrid-wu"
2025,657,"Riaz Valani",1925000000,"finance-investments",49,1,"us","finance-investments","E-cigarettes","riaz-valani"
2025,658,"Terry Taylor",1923640000,"automotive",74,1,"us","automotive","Car dealerships","terry-taylor"
2025,659,"Leslie Alexander",1923000000,"sports",82,1,"us","sports","Sports team","leslie-alexander"
2025,660,"Daniel Hirschfeld",1917404000,"fashion-retail",84,1,"us","fashion-retail","Fashion retail","daniel-hirschfeld"
2025,661,"Todd Wagner",1915607000,"media-entertainment",65,1,"us","media-entertainment","Online media","todd-wagner"
2025,662,"Keith Dunleavy & family",1913198000,"healthcare",56,1,"us","healthcare","Health IT","keith-dunleavy"
2025,663,"Marc Andreessen",1910650000,"finance-investments",54,1,"us","finance-investments","Venture capital investing","marc-andreessen"
2025,664,"Dan Wilks",1903272000,"energy",69,1,"us","energy","Natural gas","dan-wilks"
2025,665,"Eric Glyman",1900000000,"finance-investments",35,1,"us","finance-investments","Fintech","eric-glyman"
2025,666,"Gene Lee",1900000000,"finance-investments",34,1,"us","finance-investments","Fintech","gene-lee"
2025,667,"Karim Atiyeh",1900000000,"finance-investments",36,1,"us","finance-investments","Fintech","karim-atiyeh"
2025,668,"Rick Smith",1896376000,"technology",55,1,"us","technology","Tasers","rick-smith"
2025,669,"B. Wayne Hughes Jr",1893368000,"real-estate",66,1,"us","real-estate","Storage facilities","b-wayne-hughes-jr"
2025,670,"Michael Patterson",1888267000,"finance-investments",51,1,"us","finance-investments","Private equity","michael-patterson"
2025,671,"Scot French",1888267000,"finance-investments",55,1,"us","finance-investments","Private equity","scot-french"
2025,672,"Kim Kardashian",1885000000,"fashion-retail",45,"","us","fashion-retail","Shapewear;skincare","kim-kardashian"
2025,673,"Marc Lasry",1878053000,"finance-investments",65,1,"us","finance-investments","Hedge funds","marc-lasry"
2025,674,"Andres Santo Domingo",1875902000,"food-beverage",47,1,"us","food-beverage","Beer","andres-santo-domingo"
2025,675,"Itzhak Ezratti & family",1872509000,"real-estate",73,1,"us","real-estate","Homebuilding","itzhak-ezratti"
2025,676,"Marc Lipschultz",1871746000,"finance-investments",56,1,"us","finance-investments","Private equity","marc-lipschultz"
2025,677,"John Goff",1862668000,"real-estate",70,1,"us","real-estate","Real estate","john-goff"
2025,678,"Mark Attanasio",1855300000,"finance-investments",68,1,"us","finance-investments","Finance","mark-attanasio"
2025,679,"Noubar Afeyan",1854821000,"healthcare",63,1,"us","healthcare","Biotech","noubar-afeyan"
2025,680,"Farris Wilks",1853516000,"energy",73,1,"us","energy","Natural gas","farris-wilks"
2025,681,"James Leininger",1852041000,"healthcare",80,1,"us","healthcare","Medical products","james-leininger"
2025,682,"Charlotte Colket Weber",1850507000,"food-beverage",83,"","us","food-beverage","Campbell Soup","charlotte-colket-weber"
2025,683,"Carlie Irsay-Gordon",1848600000,"sports",44,"","us","sports","Indianapolis Colts","carlie-irsay-gordon"
2025,684,"Casey Foyt",1848600000,"sports",42,"","us","sports","Indianapolis Colts","casey-foyt"
2025,685,"Kalen Jackson",1848600000,"sports",38,"","us","sports","Indianapolis Colts","kalen-jackson"
2025,686,"Phil Shawe",1845000000,"technology",56,1,"us","technology","Translation services","phil-shawe"
2025,687,"Duncan MacMillan",1834000000,"finance-investments",88,1,"us","finance-investments","Bloomberg LP","duncan-macmillan"
2025,688,"Vivek Ramaswamy",1833235000,"healthcare",40,1,"us","healthcare","investments","vivek-ramaswamy"
2025,689,"Stanley Hubbard",1830181000,"media-entertainment",92,1,"us","media-entertainment","DirecTV","stanley-hubbard"
2025,690,"Alfred West Jr",1806980000,"finance-investments",83,1,"us","finance-investments","Money management","alfred-west-jr"
2025,691,"James Tisch",1801956000,"diversified",72,1,"us","diversified","Loews","james-tisch"
2025,692,"Brian Higgins",1800000000,"finance-investments",60,1,"us","finance-investments","Hedge funds","brian-higgins"
2025,693,"Gerry Cardinale",1800000000,"finance-investments",58,1,"us","finance-investments","Private equity","gerry-cardinale"
2025,694,"O. Francis Biondi",1800000000,"finance-investments",61,1,"us","finance-investments","Hedge funds","o-francis-biondi"
2025,695,"Harvey Jones",1795255000,"technology",73,1,"us","technology","Nvidia","harvey-jones"
2025,696,"John Oyler",1787440000,"healthcare",57,1,"us","healthcare","Biotech","john-oyler"
2025,697,"James France",1771443000,"sports",81,1,"us","sports","Nascar;racing","james-france"
2025,698,"Robert Fisher",1770622000,"fashion-retail",72,1,"us","fashion-retail","Gap","robert-fisher"
2025,699,"Andy Fang",1767939000,"technology",33,1,"us","technology","food delivery app","andy-fang"
2025,700,"Gary Michelson",1764100000,"healthcare",76,1,"us","healthcare","Medical patents","gary-michelson"
2025,701,"Jerry Moyes & family",1761513000,"logistics",81,1,"us","logistics","Transportation","jerry-moyes"
2025,702,"Joseph Steinberg",1747794000,"finance-investments",81,1,"us","finance-investments","Investments","joseph-steinberg"
2025,703,"George Yancopoulos",1745055000,"healthcare",66,1,"us","healthcare","Pharmaceuticals","george-yancopoulos"
2025,704,"Don Levin",1738200000,"manufacturing",74,1,"us","manufacturing","rolling papers","don-levin"
2025,705,"William Lauder",1736802000,"fashion-retail",65,1,"us","fashion-retail","Estee Lauder","william-lauder"
2025,706,"Jack Cogen",1734606000,"technology",69,1,"us","technology","Technology","jack-cogen"
2025,707,"Olivia Holding",1720044000,"finance-investments",61,"","us","finance-investments","Banking","olivia-holding-1"
2025,708,"Frank Laukien",1710869000,"manufacturing",65,1,"us","manufacturing","Scientific equipment","frank-laukien"
2025,709,"Walter Kortschak",1710700000,"finance-investments",66,1,"us","finance-investments","Venture capital","walter-kortschak"
2025,710,"William Fisher",1709194000,"fashion-retail",68,1,"us","fashion-retail","Gap","william-fisher"
2025,711,"George Christ & family",1705612000,"technology",71,1,"us","technology","Technology","george-christ"
2025,712,"Aerin Lauder",1701646000,"fashion-retail",55,"","us","fashion-retail","Estee Lauder","aerin-lauder"
2025,713,"Paul Sciarra",1701342000,"technology",44,1,"us","technology","Pinterest","paul-sciarra"
2025,714,"Igor Tulchinsky",1700000000,"finance-investments",59,1,"us","finance-investments","Hedge funds","igor-tulchinsky"
2025,715,"Matthew Pritzker",1698000000,"diversified",43,1,"us","diversified","Hotels;investments","matthew-pritzker"
2025,716,"JB Straubel",1696782000,"automotive",50,1,"us","automotive","Tesla","jb-straubel"
2025,717,"Adam Forste",1695793000,"diversified",48,1,"us","diversified","Diversified","adam-forste"
2025,718,"Kevin Marchetti",1695785000,"diversified",48,1,"us","diversified","Diversified","kevin-marchetti"
2025,719,"Mitchell Jacobson",1695696000,"service",74,1,"us","service","Industrial equipment","mitchell-jacobson"
2025,720,"Larry Culp",1687881000,"manufacturing",62,1,"us","manufacturing","General Electric;manufacturing","larry-culp"
2025,721,"Peter Sperling",1678000000,"service",66,1,"us","service","Education","peter-sperling"
2025,722,"Ron Corio",1678000000,"energy",64,1,"us","energy","Solar","ron-corio"
2025,723,"Nicholas Pritzker",1673599000,"finance-investments",82,1,"us","finance-investments","Hotels;investments","nicholas-pritzker"
2025,724,"Avram Glazer",1671000000,"sports",65,1,"us","sports","Manchester United;Tampa Bay Buccaneers","avram-glazer"
2025,725,"Bryan Glazer",1671000000,"sports",61,1,"us","sports","Manchester United;Tampa Bay Buccaneers","bryan-glazer"
2025,726,"Darcie Glazer Kassewitz",1671000000,"sports",57,"","us","sports","Manchester United;Tampa Bay Buccaneers","darcie-glazer-kassewitz"
2025,727,"Edward Glazer",1671000000,"sports",56,1,"us","sports","Manchester United;Tampa Bay Buccaneers","edward-glazer"
2025,728,"Joe Rogers Jr",1671000000,"food-beverage",79,1,"us","food-beverage","Waffle House","joe-rogers-jr"
2025,729,"Joel Glazer",1671000000,"sports",58,1,"us","sports","Manchester United;Tampa Bay Buccaneers","joel-glazer"
2025,730,"Kevin Glazer",1671000000,"sports",63,1,"us","sports","Manchester United;Tampa Bay Buccaneers","kevin-glazer"
2025,731,"Bill Gross",1668470000,"finance-investments",81,1,"us","finance-investments","Investments","bill-gross"
2025,732,"Lee Sang-hoon",1663891000,"healthcare",63,1,"us","healthcare","Biotech","lee-sang-hoon"
2025,733,"Nir Zuk",1658760000,"technology",54,1,"us","technology","software","nir-zuk"
2025,734,"Jim McKelvey",1655432000,"technology",60,1,"us","technology","Mobile payments","jim-mckelvey"
2025,735,"Art Levinson",1654521000,"diversified",75,1,"us","diversified","Genentech;Apple","art-levinson"
2025,736,"Kenny Troutt",1653205000,"telecom",77,1,"us","telecom","Telecom","kenny-troutt"
2025,737,"Jeffrey Gundlach",1643800000,"finance-investments",67,1,"us","finance-investments","Investments","jeffrey-gundlach"
2025,738,"Randal J. Kirk",1640026000,"healthcare",71,1,"us","healthcare","Pharmaceuticals","randal-j-kirk"
2025,739,"Martine Rothblatt",1635506000,"healthcare",71,"","us","healthcare","Pharmaceuticals","martine-rothblatt"
2025,740,"Mike Repole",1635000000,"food-beverage",57,1,"us","food-beverage","Sports drink","mike-repole"
2025,741,"Sue Gross",1634028000,"finance-investments",75,"","us","finance-investments","Investments","sue-gross"
2025,742,"Timothy Boyle",1625824000,"fashion-retail",76,1,"us","fashion-retail","Columbia Sportswear","timothy-boyle"
2025,743,"Herriot Tabuteau",1623690000,"healthcare",57,1,"us","healthcare","Healthcare","herriot-tabuteau"
2025,744,"Forrest Preston",1614510000,"healthcare",92,1,"us","healthcare","Health care","forrest-preston"
2025,745,"Ronald Perelman",1614207000,"finance-investments",83,1,"us","finance-investments","Leveraged buyouts","ronald-perelman"
2025,746,"Richard Fairbank",1611794000,"finance-investments",75,1,"us","finance-investments","banking","richard-fairbank"
2025,747,"Laurans Mendelson",1609237000,"construction-engineering",87,1,"us","construction-engineering","Aerospace","laurans-mendelson"
2025,748,"Pantas Sutardja",1608344000,"technology",63,1,"us","technology","Semiconductors","pantas-sutardja"
2025,749,"Trevor Burgess",1606310000,"finance-investments",53,1,"us","finance-investments","Insurance","trevor-burgess"
2025,750,"Charles Cohen",1599106000,"real-estate",73,1,"us","real-estate","Real estate","charles-cohen"
2025,751,"Jennifer Steinbrenner Swindal",1598800000,"sports",66,"","us","sports","Sports","jennifer-steinbrenner-swindal"
2025,752,"Jessica Steinbrenner",1598800000,"sports",61,"","us","sports","Sports","jessica-steinbrenner"
2025,753,"Michael Rees",1597232000,"finance-investments",50,1,"us","finance-investments","Private equity","michael-rees"
2025,754,"Andrew Tisch",1596668000,"diversified",76,1,"us","diversified","Loews","andrew-tisch"
2025,755,"Benoit Dageville",1595117000,"technology",59,1,"us","technology","Software","benoit-dageville"
2025,756,"Laurie Tisch",1593696000,"diversified",74,"","us","diversified","Loews;New York Giants","laurie-tisch"
2025,757,"Steven Tisch",1593696000,"diversified",76,1,"us","diversified","Loews;New York Giants","steven-tisch"
2025,758,"Dean Solon",1592000000,"energy",61,1,"us","energy","Solar systems","dean-solon"
2025,759,"Doris Fisher",1591446000,"fashion-retail",94,"","us","fashion-retail","Gap","doris-fisher"
2025,760,"Toby Neugebauer & family",1589986000,"real-estate",54,1,"us","real-estate","Energy;data centers","toby-neugebauer"
2025,761,"Hal Steinbrenner",1588800000,"sports",57,1,"us","sports","Sports","hal-steinbrenner"
2025,762,"Sidney Kimmel",1580250000,"fashion-retail",97,1,"us","fashion-retail","Retail","sidney-kimmel"
2025,763,"Henry Engelhardt",1578682000,"finance-investments",67,1,"us","finance-investments","Insurance","henry-engelhardt"
2025,764,"Evgeny (Eugene) Shvidler",1576004000,"metals-mining",61,1,"us","metals-mining","Metals;investments","evgeny-eugene-shvidler"
2025,765,"Clark Hunt & family",1576000000,"sports",60,1,"us","sports","Kansas City Chiefs","clark-hunt"
2025,766,"Daniel Hunt & family",1576000000,"sports",49,1,"us","sports","Kansas City Chiefs","daniel-hunt"
2025,767,"Lamar Hunt Jr & family",1576000000,"sports",69,1,"us","sports","Kansas City Chiefs","lamar-hunt-jr"
2025,768,"Sharron Hunt & family",1576000000,"sports",67,"","us","sports","Kansas City Chiefs","sharron-hunt"
2025,769,"Michael Cagney",1571969000,"technology",54,1,"us","technology","Blockchain technology","michael-cagney"
2025,770,"Ben Ashkenazy",1570873000,"real-estate",56,1,"us","real-estate","Real estate","ben-ashkenazy"
2025,771,"Taylor Swift",1567500000,"media-entertainment",36,"","us","media-entertainment","Music","taylor-swift"
2025,772,"Charles Liang",1561456000,"technology",68,1,"us","technology","Computer hardware","charles-liang"
2025,773,"Nelson Peltz",1558158000,"finance-investments",83,1,"us","finance-investments","Investments","nelson-peltz"
2025,774,"Bharat Desai",1557000000,"technology",73,1,"us","technology","IT consulting","bharat-desai"
2025,775,"Jeffrey Michael & family",1551145000,"technology",69,1,"us","technology","Data management","jeffrey-michael"
2025,776,"Ben Silbermann",1546856000,"media-entertainment",43,1,"us","media-entertainment","Social media","ben-silbermann"
2025,777,"Peter Guber",1543100000,"sports",83,1,"us","sports","Sports teams;movies","peter-guber"
2025,778,"Hao Hong",1541643000,"healthcare",70,1,"us","healthcare","Pharmaceuticals","hao-hong"
2025,779,"Joe Lau",1534000000,"technology",36,1,"us","technology","Blockchain technology","joe-lau"
2025,780,"Nikil Viswanathan",1534000000,"technology",38,1,"us","technology","Blockchain technology","nikil-viswanathan-1"
2025,781,"Liesel Pritzker Simmons",1529000000,"diversified",41,"","us","diversified","Hotels;investments","liesel-pritzker-simmons"
2025,782,"Brian Roberts",1528864000,"media-entertainment",66,1,"us","media-entertainment","Comcast","brian-roberts"
2025,783,"Sundar Pichai",1525566000,"technology",53,1,"us","technology","Alphabet","sundar-pichai"
2025,784,"Carson Brice",1523697000,"finance-investments",58,"","us","finance-investments","Banking","carson-brice"
2025,785,"Claire Bristow",1523307000,"finance-investments",59,"","us","finance-investments","banking","claire-bristow"
2025,786,"Mike Speiser",1518238000,"technology",54,1,"us","technology","Software","mike-speiser"
2025,787,"A. Jayson Adair",1515247000,"automotive",56,1,"us","automotive","Damaged cars","a-jayson-adair"
2025,788,"Jeremy Allaire",1510156000,"finance-investments",54,1,"us","finance-investments","Cryptocurrency","jeremy-allaire"
2025,789,"Michael Teel",1506900000,"fashion-retail",74,1,"us","fashion-retail","supermarkets","michael-teel"
2025,790,"John Morgan",1500000000,"service",69,1,"us","service","personal injury law","john-morgan-2"
2025,791,"Thomas Crowley Jr",1500000000,"logistics",59,1,"us","logistics","Shipping","thomas-crowley-jr"
2025,792,"Timothy Dunn & family",1500000000,"energy",70,1,"us","energy","Energy","timothy-dunn"
2025,793,"Alan Gerry",1496400000,"media-entertainment",97,1,"us","media-entertainment","Cable television","alan-gerry"
2025,794,"Magic Johnson",1494700000,"diversified",66,1,"us","diversified","Basketball;investments","magic-johnson"
2025,795,"Stephen Winn",1486800000,"real-estate",79,1,"us","real-estate","Real estate services","stephen-winn"
2025,796,"George Marcus",1478406000,"real-estate",84,1,"us","real-estate","Real estate","george-marcus"
2025,797,"Chad Richison",1474211000,"technology",55,1,"us","technology","Payroll processing","chad-richison"
2025,798,"Jimmy Rane",1464000000,"manufacturing",79,1,"us","manufacturing","Lumber","jimmy-rane"
2025,799,"Mark Pincus",1454344000,"technology",59,1,"us","technology","Online games","mark-pincus"
2025,800,"Lucy Guo",1447400000,"technology",31,"","us","technology","Artificial intelligence","lucy-guo"
2025,801,"Frank McCourt",1444000000,"sports",72,1,"us","sports","baseball","frank-mccourt"
2025,802,"Brett Adcock",1442200000,"technology",39,1,"us","technology","Robots","brett-adcock"
2025,803,"Cargill MacMillan III",1440457000,"food-beverage",66,1,"us","food-beverage","Cargill","cargill-macmillan-iii"
2025,804,"John MacMillan",1440457000,"food-beverage",76,1,"us","food-beverage","Cargill","john-macmillan-1"
2025,805,"Martha MacMillan",1440457000,"food-beverage",74,"","us","food-beverage","Cargill","martha-macmillan"
2025,806,"William MacMillan",1440457000,"food-beverage",71,1,"us","food-beverage","Cargill","william-macmillan"
2025,807,"Lisa Su",1433243000,"technology",56,"","us","technology","Semiconductors","lisa-su"
2025,808,"Jared Smith",1421000000,"technology",51,1,"us","technology","Cloud computing","jared-smith-1"
2025,809,"Christopher Stolte",1420867000,"technology",53,1,"us","technology","software","christopher-stolte"
2025,810,"Frank Holding Jr",1420162000,"finance-investments",64,1,"us","finance-investments","Banking","frank-holding-jr"
2025,811,"Gary Magness",1419148000,"media-entertainment",71,1,"us","media-entertainment","Cable TV;investments","gary-magness"
2025,812,"Brad Kelley",1416788000,"real-estate",69,1,"us","real-estate","Tobacco","brad-kelley"
2025,813,"Ryan Graves",1412939000,"technology",42,1,"us","technology","Uber","ryan-graves"
2025,814,"Nikesh Arora",1412131000,"technology",57,1,"us","technology","Cybersecurity;SoftBank;Google","nikesh-arora"
2025,815,"Niraj Shah",1411964000,"technology",51,1,"us","technology","online retail","niraj-shah"
2025,816,"Hartley Rogers",1402367000,"finance-investments",66,1,"us","finance-investments","asset management","hartley-rogers"
2025,817,"Ronald Clarke",1387262000,"technology",70,1,"us","technology","payments technology","ronald-clarke"
2025,818,"Brad Keywell",1387195000,"technology",56,1,"us","technology","Software;investments","brad-keywell"
2025,819,"Steve Conine",1386458000,"technology",53,1,"us","technology","online retail","steve-conine"
2025,820,"Sanjay Gajendra",1364434000,"technology",51,1,"us","technology","Semiconductors","sanjay-gajendra"
2025,821,"Jitendra Mohan",1362147000,"technology",52,1,"us","technology","Semiconductors","jitendra-mohan"
2025,822,"Tyler Perry",1357100000,"media-entertainment",56,1,"us","media-entertainment","Movies;television","tyler-perry"
2025,823,"Michael Steinhardt",1356421000,"finance-investments",85,1,"us","finance-investments","Hedge funds","michael-steinhardt"
2025,824,"Frederic Luddy",1353318000,"technology",71,1,"us","technology","Software","frederic-luddy"
2025,825,"Thierry Cruanes",1351667000,"technology",58,1,"us","technology","software","thierry-cruanes"
2025,826,"Tope Awotona",1350000000,"technology",44,1,"us","technology","Software","tope-awotona"
2025,827,"Mary Alice Malone Jr",1333833000,"food-beverage",42,"","us","food-beverage","Campbell's Soup","mary-alice-malone-jr"
2025,828,"Catherine Malone",1324639000,"food-beverage",41,"","us","food-beverage","Campbell's Soup","catherine-malone"
2025,829,"Marissa Mayer",1318843000,"technology",50,"","us","technology","Google;Yahoo","marissa-mayer"
2025,830,"Richard Kayne",1315000000,"finance-investments",80,1,"us","finance-investments","Investments","richard-kayne"
2025,831,"Tiger Woods",1307000000,"sports",50,1,"us","sports","Golf","tiger-woods"
2025,832,"Paul Fireman",1306000000,"fashion-retail",81,1,"us","fashion-retail","Reebok","paul-fireman"
2025,833,"Seth Klarman",1305533000,"finance-investments",68,1,"us","finance-investments","Investments","seth-klarman"
2025,834,"LeBron James",1303000000,"sports",41,1,"us","sports","Basketball","lebron-james"
2025,835,"Aman Sanger",1300000000,"technology",25,1,"us","technology","AI software","aman-sanger"
2025,836,"Michael Truell",1300000000,"technology",25,1,"us","technology","AI software","michael-truell"
2025,837,"Tarek Mansour",1300000000,"finance-investments",29,1,"us","finance-investments","Prediction markets","tarek-mansour"
2025,838,"Jahm Najafi",1296000000,"finance-investments",62,1,"us","finance-investments","Investments","jahm-najafi"
2025,839,"Michael Krasny",1290000000,"technology",72,1,"us","technology","Retail","michael-krasny"
2025,840,"Thomas Bailey",1282600000,"finance-investments",89,1,"us","finance-investments","Money management","thomas-bailey"
2025,841,"Jeffrey Lorberbaum",1279476000,"manufacturing",71,1,"us","manufacturing","Flooring","jeffrey-lorberbaum"
2025,842,"Greg Brown",1274706000,"technology",65,1,"us","technology","Motorola","greg-brown"
2025,843,"JoeBen Bevirt",1270824000,"manufacturing",52,1,"us","manufacturing","Electric aviation","joeben-bevirt"
2025,844,"Steve Huffman",1265676000,"technology",42,1,"us","technology","Reddit","steve-huffman"
2025,845,"Shyam Sankar",1264686000,"technology",43,1,"us","technology","Palantir","shyam-sankar"
2025,846,"Bob Muglia",1262032000,"technology",66,1,"us","technology","software","bob-muglia"
2025,847,"Christian Chabot",1257010000,"technology",53,1,"us","technology","Software","christian-chabot"
2025,848,"Arthur Levine",1257000000,"finance-investments",74,1,"us","finance-investments","Private equity","arthur-levine"
2025,849,"Lauren Leichtman",1257000000,"finance-investments",76,"","us","finance-investments","Private equity","lauren-leichtman"
2025,850,"James Jannard",1250000000,"fashion-retail",76,1,"us","fashion-retail","Sunglasses","james-jannard"
2025,851,"Gina Vecchiarelli",1249645000,"food-beverage",64,"","us","food-beverage","Mozzarella cheese","gina-vecchiarelli"
2025,852,"Terry Leprino",1249645000,"food-beverage",65,"","us","food-beverage","Mozzarella cheese","terry-leprino"
2025,853,"Nancy Lerner",1247009000,"finance-investments",65,"","us","finance-investments","Banking;credit cards","nancy-lerner"
2025,854,"Randolph Lerner",1241268000,"finance-investments",63,1,"us","finance-investments","Banking;credit cards","randolph-lerner"
2025,855,"Larry Fink",1240468000,"finance-investments",73,1,"us","finance-investments","money management","larry-fink"
2025,856,"Norma Lerner",1239919000,"finance-investments",89,"","us","finance-investments","Banking","norma-lerner"
2025,857,"Sara Blakely",1238415000,"fashion-retail",54,"","us","fashion-retail","Spanx","sara-blakely"
2025,858,"Nicholas Woodman",1236891000,"technology",50,1,"us","technology","GoPro","nicholas-woodman"
2025,859,"Tony Townley",1224802000,"food-beverage",63,1,"us","food-beverage","Fast food","tony-townley"
2025,860,"Donald Friese",1223000000,"manufacturing",85,1,"us","manufacturing","Manufacturing","donald-friese"
2025,861,"Jeff Sprecher",1222919000,"finance-investments",70,1,"us","finance-investments","stock exchanges","jeff-sprecher"
2025,862,"Pat Neal",1222511000,"real-estate",76,1,"us","real-estate","Homebuilding","pat-neal"
2025,863,"Gary Tharaldson",1220100000,"real-estate",80,1,"us","real-estate","Hotels","gary-tharaldson"
2025,864,"David Humphreys & family",1209931000,"manufacturing",69,1,"us","manufacturing","Residential roofing","david-humphreys"
2025,865,"Sarah Humphreys Atkins & family",1209931000,"manufacturing",67,"","us","manufacturing","Residential roofing","sarah-humphreys-atkins"
2025,866,"Stanley Tang",1209464000,"technology",33,1,"us","technology","food delivery app","stanley-tang"
2025,867,"J. Christopher Flowers",1209229000,"finance-investments",68,1,"us","finance-investments","Investments","j-christopher-flowers"
2025,868,"Jean-Marc Chapus",1206500000,"finance-investments",66,1,"us","finance-investments","Finance","jean-marc-chapus"
2025,869,"Michael Dunlap & family",1203007000,"finance-investments",62,1,"us","finance-investments","loan servicing","michael-dunlap"
2025,870,"Ken Kendrick",1202187000,"sports",82,1,"us","sports","Banking;sports team","ken-kendrick"
2025,871,"Joseph Baratta",1201520000,"finance-investments",54,1,"us","finance-investments","Private equity","joseph-baratta"
2025,872,"Liu Xiucai & family",1201167000,"manufacturing",68,1,"us","manufacturing","Chemicals","liu-xiucai"
2025,873,"Timothy Headington",1200515000,"energy",75,1,"us","energy","Oil & gas;investments","timothy-headington"
2025,874,"Gwynne Shotwell",1200000000,"technology",62,"","us","technology","SpaceX","gwynne-shotwell"
2025,875,"Jim Koch",1199859000,"food-beverage",76,1,"us","food-beverage","Beer","jim-koch"
2025,876,"Albert Nahmad",1194091000,"manufacturing",85,1,"us","manufacturing","Air conditioning parts","albert-nahmad"
2025,877,"Michael Chae",1193639000,"finance-investments",57,1,"us","finance-investments","Private Equity","michael-chae"
2025,878,"Arnold Schwarzenegger",1187008000,"media-entertainment",78,1,"us","media-entertainment","Movies;investments","arnold-schwarzenegger"
2025,879,"Dick Wolf",1176000000,"media-entertainment",79,1,"us","media-entertainment","Law & Order","dick-wolf-1"
2025,880,"Theresia Gouw",1175092000,"finance-investments",57,"","us","finance-investments","Venture capital","theresia-gouw"
2025,881,"Bruce Springsteen",1174499000,"media-entertainment",76,1,"us","media-entertainment","Music","bruce-springsteen"
2025,882,"Ron Shaich",1161955000,"food-beverage",72,1,"us","food-beverage","Restaurants","ron-shaich"
2025,883,"Michele Kang",1155383000,"technology",66,"","us","technology","Healthcare IT","michele-kang"
2025,884,"Ed Hallen",1155153000,"technology",43,1,"us","technology","Marketing software","ed-hallen"
2025,885,"Scott Smith",1150000000,"technology",76,1,"us","technology","Cloud computing","scott-smith-1"
2025,886,"Chi Fung Cheng",1147708000,"technology",57,1,"us","technology","Semiconductors","chi-fung-cheng"
2025,887,"Jeff Lawson",1147549000,"technology",48,1,"us","technology","software","jeff-lawson"
2025,888,"Michelle Xia",1145100000,"healthcare",59,"","us","healthcare","Biotech","michelle-xia"
2025,889,"Jane Goldman",1145033000,"real-estate",70,"","us","real-estate","Real estate","jane-goldman"
2025,890,"Jared Isaacman",1138062000,"technology",42,1,"us","technology","Payment processing","jared-isaacman"
2025,891,"Craig Abod",1136000000,"technology",62,1,"us","technology","Information Technology","craig-abod"
2025,892,"J. Wayne Weaver",1133829000,"diversified",90,1,"us","diversified","Shoes","j-wayne-weaver"
2025,893,"Joe Kiani",1123790000,"healthcare",61,1,"us","healthcare","Medical devices","joe-kiani"
2025,894,"Stephen Fredette",1120231000,"technology",42,1,"us","technology","payments software","stephen-fredette"
2025,895,"Ryan Israel",1118000000,"finance-investments",40,1,"us","finance-investments","Hedge funds","ryan-israel"
2025,896,"Richard Barton",1106979000,"real-estate",58,1,"us","real-estate","Zillow","richard-barton"
2025,897,"Marty Horton",1105333000,"real-estate",74,"","us","real-estate","Homebuilding","marty-horton"
2025,898,"Jerry Seinfeld",1100000000,"media-entertainment",71,1,"us","media-entertainment","Comedy","jerry-seinfeld"
2025,899,"Joe Agresti",1096000000,"diversified",53,1,"us","diversified","Auto dealerships;investments","joe-agresti"
2025,900,"Nicholas Howley",1095497000,"manufacturing",63,1,"us","manufacturing","Aerospace","nicholas-howley"
2025,901,"Sheila Johnson",1083120000,"media-entertainment",76,"","us","media-entertainment","Cable TV;hotels","sheila-johnson"
2025,902,"Zhong Peifeng",1078421000,"telecom",63,1,"us","telecom","semiconductor","zhong-peifeng-1"
2025,903,"Amy Goldman Fowler",1077292000,"real-estate",71,"","us","real-estate","Real estate","amy-goldman-fowler"
2025,904,"Denise Prenosil",1070025000,"fashion-retail",66,"","us","fashion-retail","Dick's Sporting Goods","denise-prenosil"
2025,905,"Victor Fung",1064464000,"logistics",80,1,"us","logistics","Sourcing","victor-fung"
2025,906,"David Kabiller",1063000000,"finance-investments",62,1,"us","finance-investments","investment management","david-kabiller"
2025,907,"Bruce Beal Jr",1061446999,"real-estate",55,1,"us","real-estate","Real estate","bruce-beal-jr"
2025,908,"William Franke",1057762999,"diversified",88,1,"us","diversified","Low-cost airlines","william-franke"
2025,909,"Orion Hindawi",1054000000,"technology",45,1,"us","technology","Software","orion-hindawi"
2025,910,"John Liew",1053000000,"finance-investments",58,1,"us","finance-investments","investment management","john-liew"
2025,911,"Diane Kemper",1050772999,"real-estate",80,"","us","real-estate","Real estate","diane-kemper"
2025,912,"Satya Nadella",1047997000,"technology",58,1,"us","technology","Microsoft","satya-nadella"
2025,913,"Mark Jones",1041576000,"finance-investments",64,1,"us","finance-investments","Insurance","mark-jones"
2025,914,"Robyn Jones",1041576000,"finance-investments",63,"","us","finance-investments","Insurance","robyn-jones"
2025,915,"Jeffrey Soffer",1040733999,"real-estate",58,1,"us","real-estate","Real estate","jeffrey-soffer"
2025,916,"Dick Portillo",1037069000,"food-beverage",86,1,"us","food-beverage","Real estate;restaurants","dick-portillo"
2025,917,"Ric Elias",1035700000,"media-entertainment",58,1,"us","media-entertainment","Media","ric-elias"
2025,918,"Larry Silverstein",1031335000,"real-estate",94,1,"us","real-estate","Real estate","larry-silverstein"
2025,919,"Stuart Miller",1027335000,"real-estate",68,1,"us","real-estate","Homebuilding","stuart-miller"
2025,920,"Don Ahern",1027200000,"service",72,1,"us","service","Equipment rental","don-ahern"
2025,921,"Bill Cummings",1026599999,"real-estate",88,1,"us","real-estate","Commercial real estate","bill-cummings"
2025,922,"Patrick Zalupski",1026069999,"real-estate",45,1,"us","real-estate","homebuilding","patrick-zalupski"
2025,923,"Jared Kushner",1013907000,"finance-investments",44,1,"us","finance-investments","Real estate;private equity","jared-kushner"
2025,924,"Warren Kanders",1008518000,"manufacturing",68,1,"us","manufacturing","Law enforcement and defense equipment","warren-kanders"
2025,925,"Louis Bacon",1008000000,"finance-investments",69,1,"us","finance-investments","Hedge funds","louis-bacon"
2025,926,"Neerja Sethi",1006400000,"technology",70,"","us","technology","IT consulting","neerja-sethi"
2025,927,"Anne Dinning",1005500000,"finance-investments",62,"","us","finance-investments","Hedge funds","anne-dinning"
2025,928,"Zach McLeroy",1004100000,"food-beverage",63,1,"us","food-beverage","Fast food","zach-mcleroy"
2025,929,"Axel Stawski",1000636000,"real-estate",75,1,"us","real-estate","Real estate","axel-stawski"
2025,930,"David Hindawi",1000000000,"technology",81,1,"us","technology","Software","david-hindawi"
2025,931,"Richard Kurtz",1000000000,"real-estate",85,1,"us","real-estate","Real estate","richard-kurtz"
2025,932,"Shayne Coplan",1000000000,"technology",27,1,"us","technology","Polymarket","shayne-coplan"
2025,933,"Stephen Ketchum",1000000000,"finance-investments",64,1,"us","finance-investments","Investments","stephen-ketchum"
2025,934,"Tom Preston-Werner",1000000000,"technology",46,1,"us","technology","software","tom-preston-werner"
2025,935,"Trae Stephens",1000000000,"technology",42,1,"us","technology","Defense technology","trae-stephens"
